Timestamp,Elapsed_Sec,Stage_Idx,Stage_Target_K,Temp_A_K,Error_K,Ramp_SP_K,Track_Err_K,Heater_Pct,Ramp_Rate_K_min,P_Gain,I_Gain,D_Gain,Range,MaxPwr_Pct,Phase
2026-09-05 07:26:15,8.6,1,375.00,365.5071,-9.4929,365.4952,-0.0119,19.00,0.50,25.0,900.0,0.0,HI,70.0,RAMPING
2026-09-05 07:26:17,10.0,1,375.00,365.5092,-9.4908,365.5069,-0.0023,19.17,0.50,25.0,900.0,0.0,HI,70.0,RAMPING
2026-09-05 07:26:18,11.4,1,375.00,365.5119,-9.4881,365.5186,+0.0067,19.30,0.50,25.0,900.0,0.0,HI,70.0,RAMPING
2026-09-05 07:26:19,12.8,1,375.00,365.5155,-9.4845,365.5303,+0.0148,19.41,0.50,25.0,900.0,0.0,HI,70.0,RAMPING
2026-09-05 07:26:21,14.2,1,375.00,365.5193,-9.4807,365.5420,+0.0227,19.51,0.50,25.0,900.0,0.0,HI,70.0,RAMPING
2026-09-05 07:26:22,15.6,1,375.00,365.5247,-9.4753,365.5537,+0.0290,19.49,0.50,25.0,900.0,0.0,HI,70.0,RAMPING
2026-09-05 07:26:24,17.0,1,375.00,365.5310,-9.4690,365.5654,+0.0344,19.52,0.50,25.0,900.0,0.0,HI,70.0,RAMPING
2026-09-05 07:26:25,18.4,1,375.00,365.5381,-9.4619,365.5771,+0.0390,19.53,0.50,25.0,900.0,0.0,HI,70.0,RAMPING
2026-09-05 07:26:26,19.9,1,375.00,365.5463,-9.4537,365.5888,+0.0425,19.60,0.50,25.0,900.0,0.0,HI,70.0,RAMPING
2026-09-05 07:26:28,21.3,1,375.00,365.5545,-9.4455,365.6005,+0.0460,19.57,0.50,25.0,900.0,0.0,HI,70.0,RAMPING
2026-09-05 07:26:29,22.7,1,375.00,365.5633,-9.4367,365.6122,+0.0489,19.51,0.50,25.0,900.0,0.0,HI,70.0,RAMPING
2026-09-05 07:26:31,24.1,1,375.00,365.5732,-9.4268,365.6239,+0.0507,19.44,0.50,25.0,900.0,0.0,HI,70.0,RAMPING
2026-09-05 07:26:32,25.5,1,375.00,365.5851,-9.4149,365.6356,+0.0505,19.34,0.50,25.0,900.0,0.0,HI,70.0,RAMPING
2026-09-05 07:26:33,26.9,1,375.00,365.5963,-9.4037,365.6473,+0.0510,19.29,0.50,25.0,900.0,0.0,HI,70.0,RAMPING
2026-09-05 07:26:35,28.3,1,375.00,365.6084,-9.3916,365.6590,+0.0506,19.14,0.50,25.0,900.0,0.0,HI,70.0,RAMPING
2026-09-05 07:26:36,29.7,1,375.00,365.6208,-9.3792,365.6707,+0.0499,19.06,0.50,25.0,900.0,0.0,HI,70.0,RAMPING
2026-09-05 07:26:38,31.1,1,375.00,365.6341,-9.3659,365.6824,+0.0483,18.94,0.50,25.0,900.0,0.0,HI,70.0,RAMPING
2026-09-05 07:26:39,32.5,1,375.00,365.6485,-9.3515,365.6941,+0.0456,18.79,0.50,25.0,900.0,0.0,HI,70.0,RAMPING
2026-09-05 07:26:40,33.9,1,375.00,365.6632,-9.3368,365.7058,+0.0426,18.57,0.50,25.0,900.0,0.0,HI,70.0,RAMPING
2026-09-05 07:26:42,35.3,1,375.00,365.6781,-9.3219,365.7175,+0.0394,18.46,0.50,25.0,900.0,0.0,HI,70.0,RAMPING
2026-09-05 07:26:43,36.7,1,375.00,365.6934,-9.3066,365.7292,+0.0358,18.28,0.50,25.0,900.0,0.0,HI,70.0,RAMPING
2026-09-05 07:26:45,38.1,1,375.00,365.7093,-9.2907,365.7409,+0.0316,18.16,0.50,25.0,900.0,0.0,HI,70.0,RAMPING
2026-09-05 07:26:46,39.5,1,375.00,365.7243,-9.2757,365.7526,+0.0283,18.05,0.50,25.0,900.0,0.0,HI,70.0,RAMPING
2026-09-05 07:26:47,40.9,1,375.00,365.7394,-9.2606,365.7643,+0.0249,17.83,0.50,25.0,900.0,0.0,HI,70.0,RAMPING
2026-09-05 07:26:49,42.3,1,375.00,365.7554,-9.2446,365.7760,+0.0206,17.69,0.50,25.0,900.0,0.0,HI,70.0,RAMPING
2026-09-05 07:26:50,43.7,1,375.00,365.7712,-9.2288,365.7877,+0.0165,17.57,0.50,25.0,900.0,0.0,HI,70.0,RAMPING
2026-09-05 07:26:52,45.1,1,375.00,365.7879,-9.2121,365.7994,+0.0115,17.37,0.50,25.0,900.0,0.0,HI,70.0,RAMPING
2026-09-05 07:26:53,46.5,1,375.00,365.8034,-9.1966,365.8111,+0.0077,17.27,0.50,25.0,900.0,0.0,HI,70.0,RAMPING
2026-09-05 07:26:54,47.9,1,375.00,365.8184,-9.1816,365.8228,+0.0044,17.10,0.50,25.0,900.0,0.0,HI,70.0,RAMPING
2026-09-05 07:26:56,49.3,1,375.00,365.8342,-9.1658,365.8345,+0.0003,16.92,0.50,25.0,900.0,0.0,HI,70.0,RAMPING
2026-09-05 07:26:57,50.7,1,375.00,365.8501,-9.1499,365.8462,-0.0039,16.80,0.50,25.0,900.0,0.0,HI,70.0,RAMPING
2026-09-05 07:26:59,52.1,1,375.00,365.8666,-9.1334,365.8579,-0.0087,16.69,0.50,25.0,900.0,0.0,HI,70.0,RAMPING
2026-09-05 07:27:00,53.5,1,375.00,365.8816,-9.1184,365.8696,-0.0120,16.51,0.50,25.0,900.0,0.0,HI,70.0,RAMPING
2026-09-05 07:27:01,54.9,1,375.00,365.8966,-9.1034,365.8813,-0.0153,16.41,0.50,25.0,900.0,0.0,HI,70.0,RAMPING
2026-09-05 07:27:03,56.4,1,375.00,365.9118,-9.0882,365.8930,-0.0188,16.22,0.50,25.0,900.0,0.0,HI,70.0,RAMPING
2026-09-05 07:27:04,57.8,1,375.00,365.9287,-9.0713,365.9047,-0.0240,16.09,0.50,25.0,900.0,0.0,HI,70.0,RAMPING
2026-09-05 07:27:06,59.2,1,375.00,365.9433,-9.0567,365.9164,-0.0269,16.04,0.50,25.0,900.0,0.0,HI,70.0,RAMPING
2026-09-05 07:27:07,60.6,1,375.00,365.9577,-9.0423,365.9281,-0.0296,15.90,0.50,25.0,900.0,0.0,HI,70.0,RAMPING
2026-09-05 07:27:08,62.0,1,375.00,365.9717,-9.0283,365.9398,-0.0319,15.88,0.50,25.0,900.0,0.0,HI,70.0,RAMPING
2026-09-05 07:27:10,63.4,1,375.00,365.9842,-9.0158,365.9515,-0.0327,15.89,0.50,25.0,900.0,0.0,HI,70.0,RAMPING
2026-09-05 07:27:11,64.8,1,375.00,365.9975,-9.0025,365.9632,-0.0343,15.76,0.50,25.0,900.0,0.0,HI,70.0,RAMPING
2026-09-05 07:27:13,66.2,1,375.00,366.0103,-8.9897,365.9749,-0.0354,15.67,0.50,25.0,900.0,0.0,HI,70.0,RAMPING
2026-09-05 07:27:14,67.6,1,375.00,366.0223,-8.9777,365.9866,-0.0357,15.64,0.50,25.0,900.0,0.0,HI,70.0,RAMPING
2026-09-05 07:27:16,69.0,1,375.00,366.0352,-8.9648,365.9983,-0.0369,15.53,0.50,25.0,900.0,0.0,HI,70.0,RAMPING
2026-09-05 07:27:17,70.4,1,375.00,366.0479,-8.9521,366.0100,-0.0379,15.46,0.50,25.0,900.0,0.0,HI,70.0,RAMPING
2026-09-05 07:27:18,71.8,1,375.00,366.0615,-8.9385,366.0217,-0.0398,15.32,0.50,25.0,900.0,0.0,HI,70.0,RAMPING
2026-09-05 07:27:20,73.2,1,375.00,366.0742,-8.9258,366.0334,-0.0408,15.28,0.50,25.0,900.0,0.0,HI,70.0,RAMPING
2026-09-05 07:27:21,74.6,1,375.00,366.0873,-8.9127,366.0451,-0.0422,15.11,0.50,25.0,900.0,0.0,HI,70.0,RAMPING
2026-09-05 07:27:23,76.0,1,375.00,366.1008,-8.8992,366.0568,-0.0440,15.02,0.50,25.0,900.0,0.0,HI,70.0,RAMPING
2026-09-05 07:27:24,77.4,1,375.00,366.1150,-8.8850,366.0684,-0.0466,14.98,0.50,25.0,900.0,0.0,HI,70.0,RAMPING
2026-09-05 07:27:25,78.8,1,375.00,366.1274,-8.8726,366.0801,-0.0473,14.95,0.50,25.0,900.0,0.0,HI,70.0,RAMPING
2026-09-05 07:27:27,80.2,1,375.00,366.1400,-8.8600,366.0918,-0.0482,14.89,0.50,25.0,900.0,0.0,HI,70.0,RAMPING
2026-09-05 07:27:28,81.6,1,375.00,366.1523,-8.8477,366.1035,-0.0488,14.80,0.50,25.0,900.0,0.0,HI,70.0,RAMPING
2026-09-05 07:27:30,83.0,1,375.00,366.1646,-8.8354,366.1152,-0.0494,14.76,0.50,25.0,900.0,0.0,HI,70.0,RAMPING
2026-09-05 07:27:31,84.4,1,375.00,366.1775,-8.8225,366.1269,-0.0506,14.68,0.50,25.0,900.0,0.0,HI,70.0,RAMPING
2026-09-05 07:27:32,85.8,1,375.00,366.1894,-8.8106,366.1386,-0.0508,14.67,0.50,25.0,900.0,0.0,HI,70.0,RAMPING
2026-09-05 07:27:34,87.2,1,375.00,366.2011,-8.7989,366.1503,-0.0508,14.60,0.50,25.0,900.0,0.0,HI,70.0,RAMPING
2026-09-05 07:27:35,88.6,1,375.00,366.2131,-8.7869,366.1620,-0.0511,14.39,0.50,25.0,900.0,0.0,HI,70.0,RAMPING
2026-09-05 07:27:37,90.0,1,375.00,366.2272,-8.7728,366.1737,-0.0535,14.29,0.50,25.0,900.0,0.0,HI,70.0,RAMPING
2026-09-05 07:27:38,91.4,1,375.00,366.2412,-8.7588,366.1854,-0.0558,14.24,0.50,25.0,900.0,0.0,HI,70.0,RAMPING
2026-09-05 07:27:39,92.8,1,375.00,366.2538,-8.7462,366.1971,-0.0567,14.22,0.50,25.0,900.0,0.0,HI,70.0,RAMPING
2026-09-05 07:27:41,94.2,1,375.00,366.2664,-8.7336,366.2088,-0.0576,14.08,0.50,25.0,900.0,0.0,HI,70.0,RAMPING
2026-09-05 07:27:42,95.6,1,375.00,366.2785,-8.7215,366.2205,-0.0580,14.10,0.50,25.0,900.0,0.0,HI,70.0,RAMPING
2026-09-05 07:27:44,97.1,1,375.00,366.2896,-8.7104,366.2322,-0.0574,14.16,0.50,25.0,900.0,0.0,HI,70.0,RAMPING
2026-09-05 07:27:45,98.5,1,375.00,366.3005,-8.6995,366.2439,-0.0566,14.11,0.50,25.0,900.0,0.0,HI,70.0,RAMPING
2026-09-05 07:27:46,99.9,1,375.00,366.3116,-8.6884,366.2556,-0.0560,14.06,0.50,25.0,900.0,0.0,HI,70.0,RAMPING
2026-09-05 07:27:48,101.3,1,375.00,366.3223,-8.6777,366.2673,-0.0550,14.08,0.50,25.0,900.0,0.0,HI,70.0,RAMPING
2026-09-05 07:27:49,102.7,1,375.00,366.3329,-8.6671,366.2790,-0.0539,14.00,0.50,25.0,900.0,0.0,HI,70.0,RAMPING
2026-09-05 07:27:51,104.1,1,375.00,366.3439,-8.6561,366.2907,-0.0532,14.00,0.50,25.0,900.0,0.0,HI,70.0,RAMPING
2026-09-05 07:27:52,105.5,1,375.00,366.3542,-8.6458,366.3024,-0.0518,14.01,0.50,25.0,900.0,0.0,HI,70.0,RAMPING
2026-09-05 07:27:53,106.9,1,375.00,366.3637,-8.6363,366.3141,-0.0496,14.04,0.50,25.0,900.0,0.0,HI,70.0,RAMPING
2026-09-05 07:27:55,108.3,1,375.00,366.3729,-8.6271,366.3258,-0.0471,14.14,0.50,25.0,900.0,0.0,HI,70.0,RAMPING
2026-09-05 07:27:56,109.7,1,375.00,366.3817,-8.6183,366.3375,-0.0442,14.12,0.50,25.0,900.0,0.0,HI,70.0,RAMPING
2026-09-05 07:27:58,111.1,1,375.00,366.3916,-8.6084,366.3492,-0.0424,14.04,0.50,25.0,900.0,0.0,HI,70.0,RAMPING
2026-09-05 07:27:59,112.5,1,375.00,366.4018,-8.5982,366.3609,-0.0409,14.01,0.50,25.0,900.0,0.0,HI,70.0,RAMPING
2026-09-05 07:28:00,113.9,1,375.00,366.4121,-8.5879,366.3726,-0.0395,14.02,0.50,25.0,900.0,0.0,HI,70.0,RAMPING
2026-09-05 07:28:02,115.3,1,375.00,366.4217,-8.5783,366.3843,-0.0374,14.04,0.50,25.0,900.0,0.0,HI,70.0,RAMPING
2026-09-05 07:28:03,116.7,1,375.00,366.4315,-8.5685,366.3960,-0.0355,14.03,0.50,25.0,900.0,0.0,HI,70.0,RAMPING
2026-09-05 07:28:05,118.1,1,375.00,366.4423,-8.5577,366.4076,-0.0347,13.90,0.50,25.0,900.0,0.0,HI,70.0,RAMPING
2026-09-05 07:28:06,119.5,1,375.00,366.4522,-8.5478,366.4193,-0.0329,13.99,0.50,25.0,900.0,0.0,HI,70.0,RAMPING
2026-09-05 07:28:07,120.9,1,375.00,366.4618,-8.5382,366.4310,-0.0308,14.05,0.50,25.0,900.0,0.0,HI,70.0,RAMPING
2026-09-05 07:28:09,122.3,1,375.00,366.4710,-8.5290,366.4427,-0.0283,14.02,0.50,25.0,900.0,0.0,HI,70.0,RAMPING
2026-09-05 07:28:10,123.7,1,375.00,366.4807,-8.5193,366.4544,-0.0263,14.04,0.50,25.0,900.0,0.0,HI,70.0,RAMPING
2026-09-05 07:28:12,125.1,1,375.00,366.4904,-8.5096,366.4661,-0.0243,14.01,0.50,25.0,900.0,0.0,HI,70.0,RAMPING
2026-09-05 07:28:13,126.5,1,375.00,366.4996,-8.5004,366.4778,-0.0218,14.08,0.50,25.0,900.0,0.0,HI,70.0,RAMPING
2026-09-05 07:28:14,127.9,1,375.00,366.5081,-8.4919,366.4895,-0.0186,14.10,0.50,25.0,900.0,0.0,HI,70.0,RAMPING
2026-09-05 07:28:16,129.3,1,375.00,366.5171,-8.4829,366.5012,-0.0159,14.08,0.50,25.0,900.0,0.0,HI,70.0,RAMPING
2026-09-05 07:28:17,130.7,1,375.00,366.5267,-8.4733,366.5129,-0.0138,14.07,0.50,25.0,900.0,0.0,HI,70.0,RAMPING
2026-09-05 07:28:19,132.1,1,375.00,366.5362,-8.4638,366.5246,-0.0116,14.03,0.50,25.0,900.0,0.0,HI,70.0,RAMPING
2026-09-05 07:28:20,133.6,1,375.00,366.5456,-8.4544,366.5363,-0.0093,14.13,0.50,25.0,900.0,0.0,HI,70.0,RAMPING
2026-09-05 07:28:21,135.0,1,375.00,366.5551,-8.4449,366.5480,-0.0071,14.09,0.50,25.0,900.0,0.0,HI,70.0,RAMPING
2026-09-05 07:28:23,136.4,1,375.00,366.5643,-8.4357,366.5597,-0.0046,14.12,0.50,25.0,900.0,0.0,HI,70.0,RAMPING
2026-09-05 07:28:24,137.8,1,375.00,366.5746,-8.4254,366.5714,-0.0032,14.01,0.50,25.0,900.0,0.0,HI,70.0,RAMPING
2026-09-05 07:28:26,139.2,1,375.00,366.5847,-8.4153,366.5831,-0.0016,14.05,0.50,25.0,900.0,0.0,HI,70.0,RAMPING
2026-09-05 07:28:27,140.6,1,375.00,366.5939,-8.4061,366.5948,+0.0009,14.13,0.50,25.0,900.0,0.0,HI,70.0,RAMPING
2026-09-05 07:28:28,142.0,1,375.00,366.6028,-8.3972,366.6065,+0.0037,14.11,0.50,25.0,900.0,0.0,HI,70.0,RAMPING
2026-09-05 07:28:30,143.4,1,375.00,366.6126,-8.3874,366.6182,+0.0056,14.04,0.50,25.0,900.0,0.0,HI,70.0,RAMPING
2026-09-05 07:28:31,144.8,1,375.00,366.6223,-8.3777,366.6299,+0.0076,14.07,0.50,25.0,900.0,0.0,HI,70.0,RAMPING
2026-09-05 07:28:33,146.2,1,375.00,366.6318,-8.3682,366.6416,+0.0098,14.11,0.50,25.0,900.0,0.0,HI,70.0,RAMPING
2026-09-05 07:28:34,147.6,1,375.00,366.6410,-8.3590,366.6533,+0.0123,14.09,0.50,25.0,900.0,0.0,HI,70.0,RAMPING
2026-09-05 07:28:36,149.0,1,375.00,366.6504,-8.3496,366.6650,+0.0146,14.13,0.50,25.0,900.0,0.0,HI,70.0,RAMPING
2026-09-05 07:28:37,150.4,1,375.00,366.6600,-8.3400,366.6767,+0.0167,14.09,0.50,25.0,900.0,0.0,HI,70.0,RAMPING
2026-09-05 07:28:38,151.8,1,375.00,366.6695,-8.3305,366.6884,+0.0189,14.10,0.50,25.0,900.0,0.0,HI,70.0,RAMPING
2026-09-05 07:28:40,153.2,1,375.00,366.6789,-8.3211,366.7001,+0.0212,14.15,0.50,25.0,900.0,0.0,HI,70.0,RAMPING
2026-09-05 07:28:41,154.6,1,375.00,366.6876,-8.3124,366.7118,+0.0242,14.20,0.50,25.0,900.0,0.0,HI,70.0,RAMPING
2026-09-05 07:28:43,156.0,1,375.00,366.6963,-8.3037,366.7235,+0.0272,14.18,0.50,25.0,900.0,0.0,HI,70.0,RAMPING
2026-09-05 07:28:44,157.4,1,375.00,366.7059,-8.2941,366.7352,+0.0293,14.15,0.50,25.0,900.0,0.0,HI,70.0,RAMPING
2026-09-05 07:28:45,158.8,1,375.00,366.7155,-8.2845,366.7469,+0.0314,14.10,0.50,25.0,900.0,0.0,HI,70.0,RAMPING
2026-09-05 07:28:47,160.2,1,375.00,366.7256,-8.2744,366.7586,+0.0330,14.12,0.50,25.0,900.0,0.0,HI,70.0,RAMPING
2026-09-05 07:28:48,161.6,1,375.00,366.7355,-8.2645,366.7703,+0.0348,14.12,0.50,25.0,900.0,0.0,HI,70.0,RAMPING
2026-09-05 07:28:50,163.0,1,375.00,366.7444,-8.2556,366.7820,+0.0376,14.19,0.50,25.0,900.0,0.0,HI,70.0,RAMPING
2026-09-05 07:28:51,164.4,1,375.00,366.7538,-8.2462,366.7937,+0.0399,14.21,0.50,25.0,900.0,0.0,HI,70.0,RAMPING
2026-09-05 07:28:52,165.8,1,375.00,366.7625,-8.2375,366.8054,+0.0429,14.26,0.50,25.0,900.0,0.0,HI,70.0,RAMPING
2026-09-05 07:28:54,167.2,1,375.00,366.7711,-8.2289,366.8171,+0.0460,14.27,0.50,25.0,900.0,0.0,HI,70.0,RAMPING
2026-09-05 07:28:55,168.6,1,375.00,366.7795,-8.2205,366.8288,+0.0493,14.31,0.50,25.0,900.0,0.0,HI,70.0,RAMPING
2026-09-05 07:28:57,170.1,1,375.00,366.7886,-8.2114,366.8405,+0.0519,14.31,0.50,25.0,900.0,0.0,HI,70.0,RAMPING
2026-09-05 07:28:58,171.5,1,375.00,366.7979,-8.2021,366.8522,+0.0543,14.22,0.50,25.0,900.0,0.0,HI,70.0,RAMPING
2026-09-05 07:28:59,172.9,1,375.00,366.8071,-8.1929,366.8639,+0.0568,14.29,0.50,25.0,900.0,0.0,HI,70.0,RAMPING
2026-09-05 07:29:01,174.3,1,375.00,366.8163,-8.1837,366.8756,+0.0593,14.32,0.50,25.0,900.0,0.0,HI,70.0,RAMPING
2026-09-05 07:29:02,175.7,1,375.00,366.8262,-8.1738,366.8873,+0.0611,14.31,0.50,25.0,900.0,0.0,HI,70.0,RAMPING
2026-09-05 07:29:04,177.1,1,375.00,366.8350,-8.1650,366.8990,+0.0640,14.38,0.50,25.0,900.0,0.0,HI,70.0,RAMPING
2026-09-05 07:29:05,178.5,1,375.00,366.8436,-8.1564,366.9107,+0.0671,14.35,0.50,25.0,900.0,0.0,HI,70.0,RAMPING
2026-09-05 07:29:06,179.9,1,375.00,366.8530,-8.1470,366.9224,+0.0694,14.32,0.50,25.0,900.0,0.0,HI,70.0,RAMPING
2026-09-05 07:29:08,181.3,1,375.00,366.8626,-8.1374,366.9341,+0.0715,14.31,0.50,25.0,900.0,0.0,HI,70.0,RAMPING
2026-09-05 07:29:09,182.7,1,375.00,366.8724,-8.1276,366.9458,+0.0734,14.40,0.50,25.0,900.0,0.0,HI,70.0,RAMPING
2026-09-05 07:29:11,184.1,1,375.00,366.8812,-8.1188,366.9575,+0.0763,14.36,0.50,25.0,900.0,0.0,HI,70.0,RAMPING
2026-09-05 07:29:12,185.5,1,375.00,366.8905,-8.1095,366.9692,+0.0787,14.35,0.50,25.0,900.0,0.0,HI,70.0,RAMPING
2026-09-05 07:29:13,186.9,1,375.00,366.8996,-8.1004,366.9809,+0.0813,14.40,0.50,25.0,900.0,0.0,HI,70.0,RAMPING
2026-09-05 07:29:15,188.3,1,375.00,366.9088,-8.0912,366.9926,+0.0838,14.40,0.50,25.0,900.0,0.0,HI,70.0,RAMPING
2026-09-05 07:29:16,189.7,1,375.00,366.9181,-8.0819,367.0043,+0.0862,14.40,0.50,25.0,900.0,0.0,HI,70.0,RAMPING
2026-09-05 07:29:18,191.1,1,375.00,366.9276,-8.0724,367.0160,+0.0884,14.44,0.50,25.0,900.0,0.0,HI,70.0,RAMPING
2026-09-05 07:29:19,192.5,1,375.00,366.9362,-8.0638,367.0277,+0.0915,14.44,0.50,25.0,900.0,0.0,HI,70.0,RAMPING
2026-09-05 07:29:20,193.9,1,375.00,366.9451,-8.0549,367.0394,+0.0943,14.48,0.50,25.0,900.0,0.0,HI,70.0,RAMPING
2026-09-05 07:29:22,195.3,1,375.00,366.9553,-8.0447,367.0511,+0.0958,14.38,0.50,25.0,900.0,0.0,HI,70.0,RAMPING
2026-09-05 07:29:23,196.7,1,375.00,366.9647,-8.0353,367.0628,+0.0981,14.43,0.50,25.0,900.0,0.0,HI,70.0,RAMPING
2026-09-05 07:29:25,198.1,1,375.00,366.9742,-8.0258,367.0745,+0.1003,14.45,0.50,25.0,900.0,0.0,HI,70.0,RAMPING
2026-09-05 07:29:26,199.5,1,375.00,366.9836,-8.0164,367.0862,+0.1026,14.43,0.50,25.0,900.0,0.0,HI,70.0,RAMPING
2026-09-05 07:29:27,200.9,1,375.00,366.9933,-8.0067,367.0979,+0.1046,14.43,0.50,25.0,900.0,0.0,HI,70.0,RAMPING
2026-09-05 07:29:29,202.3,1,375.00,367.0033,-7.9967,367.1096,+0.1063,14.42,0.50,25.0,900.0,0.0,HI,70.0,RAMPING
2026-09-05 07:29:30,203.7,1,375.00,367.0129,-7.9871,367.1213,+0.1084,14.45,0.50,25.0,900.0,0.0,HI,70.0,RAMPING
2026-09-05 07:29:32,205.2,1,375.00,367.0219,-7.9781,367.1330,+0.1111,14.46,0.50,25.0,900.0,0.0,HI,70.0,RAMPING
2026-09-05 07:29:33,206.6,1,375.00,367.0313,-7.9687,367.1447,+0.1134,14.50,0.50,25.0,900.0,0.0,HI,70.0,RAMPING
2026-09-05 07:29:34,208.0,1,375.00,367.0410,-7.9590,367.1564,+0.1154,14.44,0.50,25.0,900.0,0.0,HI,70.0,RAMPING
2026-09-05 07:29:36,209.4,1,375.00,367.0507,-7.9493,367.1681,+0.1174,14.42,0.50,25.0,900.0,0.0,HI,70.0,RAMPING
2026-09-05 07:29:37,210.8,1,375.00,367.0607,-7.9393,367.1798,+0.1191,14.44,0.50,25.0,900.0,0.0,HI,70.0,RAMPING
2026-09-05 07:29:39,212.2,1,375.00,367.0703,-7.9297,367.1915,+0.1212,14.34,0.50,25.0,900.0,0.0,HI,70.0,RAMPING
2026-09-05 07:29:40,213.6,1,375.00,367.0804,-7.9196,367.2032,+0.1228,14.40,0.50,25.0,900.0,0.0,HI,70.0,RAMPING
2026-09-05 07:29:41,215.0,1,375.00,367.0905,-7.9095,367.2149,+0.1244,14.42,0.50,25.0,900.0,0.0,HI,70.0,RAMPING
2026-09-05 07:29:43,216.4,1,375.00,367.1000,-7.9000,367.2266,+0.1266,14.38,0.50,25.0,900.0,0.0,HI,70.0,RAMPING
2026-09-05 07:29:44,217.8,1,375.00,367.1100,-7.8900,367.2383,+0.1283,14.35,0.50,25.0,900.0,0.0,HI,70.0,RAMPING
2026-09-05 07:29:46,219.2,1,375.00,367.1201,-7.8799,367.2500,+0.1299,14.30,0.50,25.0,900.0,0.0,HI,70.0,RAMPING
2026-09-05 07:29:47,220.6,1,375.00,367.1306,-7.8694,367.2617,+0.1311,14.30,0.50,25.0,900.0,0.0,HI,70.0,RAMPING
2026-09-05 07:29:49,222.0,1,375.00,367.1410,-7.8590,367.2734,+0.1324,14.30,0.50,25.0,900.0,0.0,HI,70.0,RAMPING
2026-09-05 07:29:50,223.4,1,375.00,367.1511,-7.8489,367.2851,+0.1340,14.32,0.50,25.0,900.0,0.0,HI,70.0,RAMPING
2026-09-05 07:29:51,224.8,1,375.00,367.1606,-7.8394,367.2968,+0.1362,14.34,0.50,25.0,900.0,0.0,HI,70.0,RAMPING
2026-09-05 07:29:53,226.2,1,375.00,367.1702,-7.8298,367.3085,+0.1383,14.34,0.50,25.0,900.0,0.0,HI,70.0,RAMPING
2026-09-05 07:29:54,227.6,1,375.00,367.1802,-7.8198,367.3201,+0.1399,14.33,0.50,25.0,900.0,0.0,HI,70.0,RAMPING
2026-09-05 07:29:56,229.0,1,375.00,367.1899,-7.8101,367.3319,+0.1420,14.31,0.50,25.0,900.0,0.0,HI,70.0,RAMPING
2026-09-05 07:29:57,230.4,1,375.00,367.2003,-7.7997,367.3435,+0.1432,14.30,0.50,25.0,900.0,0.0,HI,70.0,RAMPING
2026-09-05 07:29:58,231.8,1,375.00,367.2101,-7.7899,367.3552,+0.1451,14.33,0.50,25.0,900.0,0.0,HI,70.0,RAMPING
2026-09-05 07:30:00,233.2,1,375.00,367.2200,-7.7800,367.3669,+0.1469,14.26,0.50,25.0,900.0,0.0,HI,70.0,RAMPING
2026-09-05 07:30:01,234.6,1,375.00,367.2303,-7.7697,367.3786,+0.1483,14.27,0.50,25.0,900.0,0.0,HI,70.0,RAMPING
2026-09-05 07:30:03,236.0,1,375.00,367.2401,-7.7599,367.3903,+0.1502,14.31,0.50,25.0,900.0,0.0,HI,70.0,RAMPING
2026-09-05 07:30:04,237.4,1,375.00,367.2493,-7.7507,367.4020,+0.1527,14.34,0.50,25.0,900.0,0.0,HI,70.0,RAMPING
2026-09-05 07:30:05,238.8,1,375.00,367.2582,-7.7418,367.4137,+0.1555,14.36,0.50,25.0,900.0,0.0,HI,70.0,RAMPING
2026-09-05 07:30:07,240.2,1,375.00,367.2673,-7.7327,367.4254,+0.1581,14.32,0.50,25.0,900.0,0.0,HI,70.0,RAMPING
2026-09-05 07:30:08,241.6,1,375.00,367.2775,-7.7225,367.4371,+0.1596,14.29,0.50,25.0,900.0,0.0,HI,70.0,RAMPING
2026-09-05 07:30:10,243.1,1,375.00,367.2877,-7.7123,367.4488,+0.1611,14.30,0.50,25.0,900.0,0.0,HI,70.0,RAMPING
2026-09-05 07:30:11,244.5,1,375.00,367.2976,-7.7024,367.4605,+0.1629,14.25,0.50,25.0,900.0,0.0,HI,70.0,RAMPING
2026-09-05 07:30:12,245.9,1,375.00,367.3074,-7.6926,367.4722,+0.1648,14.27,0.50,25.0,900.0,0.0,HI,70.0,RAMPING
2026-09-05 07:30:14,247.3,1,375.00,367.3174,-7.6826,367.4839,+0.1665,14.29,0.50,25.0,900.0,0.0,HI,70.0,RAMPING
2026-09-05 07:30:15,248.7,1,375.00,367.3268,-7.6732,367.4956,+0.1688,14.29,0.50,25.0,900.0,0.0,HI,70.0,RAMPING
2026-09-05 07:30:17,250.1,1,375.00,367.3363,-7.6637,367.5073,+0.1710,14.30,0.50,25.0,900.0,0.0,HI,70.0,RAMPING
2026-09-05 07:30:18,251.5,1,375.00,367.3455,-7.6545,367.5191,+0.1736,14.31,0.50,25.0,900.0,0.0,HI,70.0,RAMPING
2026-09-05 07:30:19,252.9,1,375.00,367.3549,-7.6451,367.5308,+0.1759,14.38,0.50,25.0,900.0,0.0,HI,70.0,RAMPING
2026-09-05 07:30:21,254.3,1,375.00,367.3648,-7.6352,367.5425,+0.1777,14.30,0.50,25.0,900.0,0.0,HI,70.0,RAMPING
2026-09-05 07:30:22,255.7,1,375.00,367.3744,-7.6256,367.5541,+0.1797,14.29,0.50,25.0,900.0,0.0,HI,70.0,RAMPING
2026-09-05 07:30:24,257.1,1,375.00,367.3837,-7.6163,367.5658,+0.1821,14.37,0.50,25.0,900.0,0.0,HI,70.0,RAMPING
2026-09-05 07:30:25,258.5,1,375.00,367.3925,-7.6075,367.5775,+0.1850,14.34,0.50,25.0,900.0,0.0,HI,70.0,RAMPING
2026-09-05 07:30:26,259.9,1,375.00,367.4026,-7.5974,367.5892,+0.1866,14.30,0.50,25.0,900.0,0.0,HI,70.0,RAMPING
2026-09-05 07:30:28,261.3,1,375.00,367.4119,-7.5881,367.6009,+0.1890,14.38,0.50,25.0,900.0,0.0,HI,70.0,RAMPING
2026-09-05 07:30:29,262.7,1,375.00,367.4208,-7.5792,367.6126,+0.1918,14.39,0.50,25.0,900.0,0.0,HI,70.0,RAMPING
2026-09-05 07:30:31,264.1,1,375.00,367.4298,-7.5702,367.6243,+0.1945,14.33,0.50,25.0,900.0,0.0,HI,70.0,RAMPING
2026-09-05 07:30:32,265.5,1,375.00,367.4394,-7.5606,367.6360,+0.1966,14.34,0.50,25.0,900.0,0.0,HI,70.0,RAMPING
2026-09-05 07:30:33,266.9,1,375.00,367.4496,-7.5504,367.6477,+0.1981,14.39,0.50,25.0,900.0,0.0,HI,70.0,RAMPING
2026-09-05 07:30:35,268.3,1,375.00,367.4594,-7.5406,367.6594,+0.2000,14.31,0.50,25.0,900.0,0.0,HI,70.0,RAMPING
2026-09-05 07:30:36,269.7,1,375.00,367.4690,-7.5310,367.6711,+0.2021,14.40,0.50,25.0,900.0,0.0,HI,70.0,RAMPING
2026-09-05 07:30:38,271.1,1,375.00,367.4778,-7.5222,367.6828,+0.2050,14.39,0.50,25.0,900.0,0.0,HI,70.0,RAMPING
2026-09-05 07:30:39,272.6,1,375.00,367.4877,-7.5123,367.6947,+0.2070,14.39,0.50,25.0,900.0,0.0,HI,70.0,RAMPING
2026-09-05 07:30:40,274.0,1,375.00,367.4969,-7.5031,367.7064,+0.2095,14.43,0.50,25.0,900.0,0.0,HI,70.0,RAMPING
2026-09-05 07:30:42,275.4,1,375.00,367.5056,-7.4944,367.7181,+0.2125,14.48,0.50,25.0,900.0,0.0,HI,70.0,RAMPING
2026-09-05 07:30:43,276.8,1,375.00,367.5140,-7.4860,367.7298,+0.2158,14.48,0.50,25.0,900.0,0.0,HI,70.0,RAMPING
2026-09-05 07:30:45,278.2,1,375.00,367.5240,-7.4760,367.7415,+0.2175,14.46,0.50,25.0,900.0,0.0,HI,70.0,RAMPING
2026-09-05 07:30:46,279.6,1,375.00,367.5330,-7.4670,367.7532,+0.2202,14.50,0.50,25.0,900.0,0.0,HI,70.0,RAMPING
2026-09-05 07:30:48,281.0,1,375.00,367.5422,-7.4578,367.7649,+0.2227,14.50,0.50,25.0,900.0,0.0,HI,70.0,RAMPING
2026-09-05 07:30:49,282.4,1,375.00,367.5513,-7.4487,367.7766,+0.2253,14.48,0.50,25.0,900.0,0.0,HI,70.0,RAMPING
2026-09-05 07:30:50,283.8,1,375.00,367.5608,-7.4392,367.7883,+0.2275,14.47,0.50,25.0,900.0,0.0,HI,70.0,RAMPING
2026-09-05 07:30:52,285.2,1,375.00,367.5710,-7.4290,367.8000,+0.2290,14.46,0.50,25.0,900.0,0.0,HI,70.0,RAMPING
2026-09-05 07:30:53,286.6,1,375.00,367.5804,-7.4196,367.8117,+0.2313,14.47,0.50,25.0,900.0,0.0,HI,70.0,RAMPING
2026-09-05 07:30:55,288.0,1,375.00,367.5900,-7.4100,367.8234,+0.2334,14.45,0.50,25.0,900.0,0.0,HI,70.0,RAMPING
2026-09-05 07:30:56,289.4,1,375.00,367.5994,-7.4006,367.8351,+0.2357,14.51,0.50,25.0,900.0,0.0,HI,70.0,RAMPING
2026-09-05 07:30:57,290.8,1,375.00,367.6089,-7.3911,367.8468,+0.2379,14.53,0.50,25.0,900.0,0.0,HI,70.0,RAMPING
2026-09-05 07:30:59,292.2,1,375.00,367.6183,-7.3817,367.8585,+0.2402,14.49,0.50,25.0,900.0,0.0,HI,70.0,RAMPING
2026-09-05 07:31:00,293.6,1,375.00,367.6276,-7.3724,367.8702,+0.2426,14.44,0.50,25.0,900.0,0.0,HI,70.0,RAMPING
2026-09-05 07:31:02,295.0,1,375.00,367.6379,-7.3621,367.8819,+0.2440,14.45,0.50,25.0,900.0,0.0,HI,70.0,RAMPING
2026-09-05 07:31:03,296.4,1,375.00,367.6479,-7.3521,367.8936,+0.2457,14.44,0.50,25.0,900.0,0.0,HI,70.0,RAMPING
2026-09-05 07:31:04,297.8,1,375.00,367.6582,-7.3418,367.9053,+0.2471,14.45,0.50,25.0,900.0,0.0,HI,70.0,RAMPING
2026-09-05 07:31:06,299.2,1,375.00,367.6680,-7.3320,367.9170,+0.2490,14.46,0.50,25.0,900.0,0.0,HI,70.0,RAMPING
2026-09-05 07:31:07,300.6,1,375.00,367.6775,-7.3225,367.9287,+0.2512,14.50,0.50,25.0,900.0,0.0,HI,70.0,RAMPING
2026-09-05 07:31:09,302.0,1,375.00,367.6869,-7.3131,367.9404,+0.2535,14.47,0.50,25.0,900.0,0.0,HI,70.0,RAMPING
2026-09-05 07:31:10,303.4,1,375.00,367.6972,-7.3028,367.9521,+0.2549,14.43,0.50,25.0,900.0,0.0,HI,70.0,RAMPING
2026-09-05 07:31:11,304.8,1,375.00,367.7069,-7.2931,367.9638,+0.2569,14.44,0.50,25.0,900.0,0.0,HI,70.0,RAMPING
2026-09-05 07:31:13,306.2,1,375.00,367.7162,-7.2838,367.9755,+0.2593,14.49,0.50,25.0,900.0,0.0,HI,70.0,RAMPING
2026-09-05 07:31:14,307.7,1,375.00,367.7251,-7.2749,367.9872,+0.2621,14.53,0.50,25.0,900.0,0.0,HI,70.0,RAMPING
2026-09-05 07:31:16,309.1,1,375.00,367.7346,-7.2654,367.9989,+0.2643,14.48,0.50,25.0,900.0,0.0,HI,70.0,RAMPING
2026-09-05 07:31:17,310.5,1,375.00,367.7448,-7.2552,368.0106,+0.2658,14.48,0.50,25.0,900.0,0.0,HI,70.0,RAMPING
2026-09-05 07:31:18,311.9,1,375.00,367.7541,-7.2459,368.0223,+0.2682,14.49,0.50,25.0,900.0,0.0,HI,70.0,RAMPING
2026-09-05 07:31:20,313.3,1,375.00,367.7633,-7.2367,368.0340,+0.2707,14.55,0.50,25.0,900.0,0.0,HI,70.0,RAMPING
2026-09-05 07:31:21,314.7,1,375.00,367.7723,-7.2277,368.0457,+0.2734,14.53,0.50,25.0,900.0,0.0,HI,70.0,RAMPING
2026-09-05 07:31:23,316.1,1,375.00,367.7818,-7.2182,368.0574,+0.2756,14.52,0.50,25.0,900.0,0.0,HI,70.0,RAMPING
2026-09-05 07:31:24,317.5,1,375.00,367.7913,-7.2087,368.0691,+0.2778,14.53,0.50,25.0,900.0,0.0,HI,70.0,RAMPING
2026-09-05 07:31:25,318.9,1,375.00,367.8002,-7.1998,368.0808,+0.2806,14.55,0.50,25.0,900.0,0.0,HI,70.0,RAMPING
2026-09-05 07:31:27,320.3,1,375.00,367.8098,-7.1902,368.0925,+0.2827,14.58,0.50,25.0,900.0,0.0,HI,70.0,RAMPING
2026-09-05 07:31:28,321.7,1,375.00,367.8186,-7.1814,368.1042,+0.2856,14.57,0.50,25.0,900.0,0.0,HI,70.0,RAMPING
2026-09-05 07:31:30,323.1,1,375.00,367.8281,-7.1719,368.1159,+0.2878,14.63,0.50,25.0,900.0,0.0,HI,70.0,RAMPING
2026-09-05 07:31:31,324.5,1,375.00,367.8372,-7.1628,368.1276,+0.2904,14.58,0.50,25.0,900.0,0.0,HI,70.0,RAMPING
2026-09-05 07:31:32,325.9,1,375.00,367.8467,-7.1533,368.1393,+0.2926,14.64,0.50,25.0,900.0,0.0,HI,70.0,RAMPING
2026-09-05 07:31:34,327.3,1,375.00,367.8557,-7.1443,368.1510,+0.2953,14.56,0.50,25.0,900.0,0.0,HI,70.0,RAMPING
2026-09-05 07:31:35,328.7,1,375.00,367.8657,-7.1343,368.1627,+0.2970,14.51,0.50,25.0,900.0,0.0,HI,70.0,RAMPING
2026-09-05 07:31:37,330.1,1,375.00,367.8768,-7.1232,368.1744,+0.2976,14.49,0.50,25.0,900.0,0.0,HI,70.0,RAMPING
2026-09-05 07:31:38,331.5,1,375.00,367.8871,-7.1129,368.1861,+0.2990,14.53,0.50,25.0,900.0,0.0,HI,70.0,RAMPING
2026-09-05 07:31:39,332.9,1,375.00,367.8967,-7.1033,368.1978,+0.3011,14.50,0.50,25.0,900.0,0.0,HI,70.0,RAMPING
2026-09-05 07:31:41,334.3,1,375.00,367.9061,-7.0939,368.2095,+0.3034,14.55,0.50,25.0,900.0,0.0,HI,70.0,RAMPING
2026-09-05 07:31:42,335.7,1,375.00,367.9160,-7.0840,368.2211,+0.3051,14.47,0.50,25.0,900.0,0.0,HI,70.0,RAMPING
2026-09-05 07:31:44,337.1,1,375.00,367.9265,-7.0735,368.2328,+0.3063,14.53,0.50,25.0,900.0,0.0,HI,70.0,RAMPING
2026-09-05 07:31:45,338.5,1,375.00,367.9366,-7.0634,368.2445,+0.3079,14.44,0.50,25.0,900.0,0.0,HI,70.0,RAMPING
2026-09-05 07:31:46,339.9,1,375.00,367.9466,-7.0534,368.2562,+0.3096,14.46,0.50,25.0,900.0,0.0,HI,70.0,RAMPING
2026-09-05 07:31:48,341.3,1,375.00,367.9567,-7.0433,368.2679,+0.3112,14.46,0.50,25.0,900.0,0.0,HI,70.0,RAMPING
2026-09-05 07:31:49,342.7,1,375.00,367.9675,-7.0325,368.2796,+0.3121,14.40,0.50,25.0,900.0,0.0,HI,70.0,RAMPING
2026-09-05 07:31:51,344.2,1,375.00,367.9779,-7.0221,368.2913,+0.3134,14.39,0.50,25.0,900.0,0.0,HI,70.0,RAMPING
2026-09-05 07:31:52,345.6,1,375.00,367.9885,-7.0115,368.3030,+0.3145,14.36,0.50,25.0,900.0,0.0,HI,70.0,RAMPING
2026-09-05 07:31:53,347.0,1,375.00,367.9983,-7.0017,368.3147,+0.3164,14.45,0.50,25.0,900.0,0.0,HI,70.0,RAMPING
2026-09-05 07:31:55,348.4,1,375.00,368.0079,-6.9921,368.3264,+0.3185,14.40,0.50,25.0,900.0,0.0,HI,70.0,RAMPING
2026-09-05 07:31:56,349.8,1,375.00,368.0178,-6.9822,368.3381,+0.3203,14.42,0.50,25.0,900.0,0.0,HI,70.0,RAMPING
2026-09-05 07:31:58,351.2,1,375.00,368.0273,-6.9727,368.3498,+0.3225,14.48,0.50,25.0,900.0,0.0,HI,70.0,RAMPING
2026-09-05 07:31:59,352.6,1,375.00,368.0362,-6.9638,368.3615,+0.3253,14.49,0.50,25.0,900.0,0.0,HI,70.0,RAMPING
2026-09-05 07:32:01,354.0,1,375.00,368.0449,-6.9551,368.3732,+0.3283,14.51,0.50,25.0,900.0,0.0,HI,70.0,RAMPING
2026-09-05 07:32:02,355.4,1,375.00,368.0544,-6.9456,368.3849,+0.3305,14.53,0.50,25.0,900.0,0.0,HI,70.0,RAMPING
2026-09-05 07:32:03,356.8,1,375.00,368.0630,-6.9370,368.3966,+0.3336,14.54,0.50,25.0,900.0,0.0,HI,70.0,RAMPING
2026-09-05 07:32:05,358.2,1,375.00,368.0723,-6.9277,368.4083,+0.3360,14.54,0.50,25.0,900.0,0.0,HI,70.0,RAMPING
2026-09-05 07:32:06,359.6,1,375.00,368.0811,-6.9189,368.4200,+0.3389,14.57,0.50,25.0,900.0,0.0,HI,70.0,RAMPING
2026-09-05 07:32:08,361.0,1,375.00,368.0905,-6.9095,368.4317,+0.3412,14.49,0.50,25.0,900.0,0.0,HI,70.0,RAMPING
2026-09-05 07:32:09,362.4,1,375.00,368.1008,-6.8992,368.4434,+0.3426,14.55,0.50,25.0,900.0,0.0,HI,70.0,RAMPING
2026-09-05 07:32:10,363.8,1,375.00,368.1098,-6.8902,368.4551,+0.3453,14.60,0.50,25.0,900.0,0.0,HI,70.0,RAMPING
2026-09-05 07:32:12,365.2,1,375.00,368.1188,-6.8812,368.4668,+0.3480,14.57,0.50,25.0,900.0,0.0,HI,70.0,RAMPING
2026-09-05 07:32:13,366.6,1,375.00,368.1285,-6.8715,368.4785,+0.3500,14.54,0.50,25.0,900.0,0.0,HI,70.0,RAMPING
2026-09-05 07:32:15,368.0,1,375.00,368.1383,-6.8617,368.4902,+0.3519,14.56,0.50,25.0,900.0,0.0,HI,70.0,RAMPING
2026-09-05 07:32:16,369.4,1,375.00,368.1477,-6.8523,368.5019,+0.3542,14.55,0.50,25.0,900.0,0.0,HI,70.0,RAMPING
2026-09-05 07:32:17,370.8,1,375.00,368.1575,-6.8425,368.5136,+0.3561,14.60,0.50,25.0,900.0,0.0,HI,70.0,RAMPING
2026-09-05 07:32:19,372.2,1,375.00,368.1666,-6.8334,368.5253,+0.3587,14.52,0.50,25.0,900.0,0.0,HI,70.0,RAMPING
2026-09-05 07:32:20,373.6,1,375.00,368.1771,-6.8229,368.5370,+0.3599,14.49,0.50,25.0,900.0,0.0,HI,70.0,RAMPING
2026-09-05 07:32:22,375.0,1,375.00,368.1879,-6.8121,368.5487,+0.3608,14.47,0.50,25.0,900.0,0.0,HI,70.0,RAMPING
2026-09-05 07:32:23,376.4,1,375.00,368.1978,-6.8022,368.5604,+0.3626,14.49,0.50,25.0,900.0,0.0,HI,70.0,RAMPING
2026-09-05 07:32:24,377.8,1,375.00,368.2078,-6.7922,368.5721,+0.3643,14.50,0.50,25.0,900.0,0.0,HI,70.0,RAMPING
2026-09-05 07:32:26,379.3,1,375.00,368.2174,-6.7826,368.5838,+0.3664,14.48,0.50,25.0,900.0,0.0,HI,70.0,RAMPING
2026-09-05 07:32:27,380.7,1,375.00,368.2279,-6.7721,368.5955,+0.3676,14.45,0.50,25.0,900.0,0.0,HI,70.0,RAMPING
2026-09-05 07:32:29,382.1,1,375.00,368.2380,-6.7620,368.6072,+0.3692,14.55,0.50,25.0,900.0,0.0,HI,70.0,RAMPING
2026-09-05 07:32:30,383.5,1,375.00,368.2469,-6.7531,368.6189,+0.3720,14.53,0.50,25.0,900.0,0.0,HI,70.0,RAMPING
2026-09-05 07:32:31,384.9,1,375.00,368.2563,-6.7437,368.6306,+0.3743,14.49,0.50,25.0,900.0,0.0,HI,70.0,RAMPING
2026-09-05 07:32:33,386.3,1,375.00,368.2655,-6.7345,368.6423,+0.3768,14.56,0.50,25.0,900.0,0.0,HI,70.0,RAMPING
2026-09-05 07:32:34,387.7,1,375.00,368.2754,-6.7246,368.6540,+0.3786,14.54,0.50,25.0,900.0,0.0,HI,70.0,RAMPING
2026-09-05 07:32:36,389.1,1,375.00,368.2847,-6.7153,368.6657,+0.3810,14.53,0.50,25.0,900.0,0.0,HI,70.0,RAMPING
2026-09-05 07:32:37,390.5,1,375.00,368.2944,-6.7056,368.6774,+0.3830,14.52,0.50,25.0,900.0,0.0,HI,70.0,RAMPING
2026-09-05 07:32:38,391.9,1,375.00,368.3040,-6.6960,368.6891,+0.3851,14.45,0.50,25.0,900.0,0.0,HI,70.0,RAMPING
2026-09-05 07:32:40,393.3,1,375.00,368.3141,-6.6859,368.7008,+0.3867,14.45,0.50,25.0,900.0,0.0,HI,70.0,RAMPING
2026-09-05 07:32:41,394.7,1,375.00,368.3241,-6.6759,368.7125,+0.3884,14.55,0.50,25.0,900.0,0.0,HI,70.0,RAMPING
2026-09-05 07:32:43,396.1,1,375.00,368.3330,-6.6670,368.7242,+0.3912,14.55,0.50,25.0,900.0,0.0,HI,70.0,RAMPING
2026-09-05 07:32:44,397.5,1,375.00,368.3424,-6.6576,368.7359,+0.3935,14.54,0.50,25.0,900.0,0.0,HI,70.0,RAMPING
2026-09-05 07:32:45,398.9,1,375.00,368.3514,-6.6486,368.7476,+0.3962,14.61,0.50,25.0,900.0,0.0,HI,70.0,RAMPING
2026-09-05 07:32:47,400.3,1,375.00,368.3609,-6.6391,368.7593,+0.3984,14.50,0.50,25.0,900.0,0.0,HI,70.0,RAMPING
2026-09-05 07:32:48,401.7,1,375.00,368.3717,-6.6283,368.7710,+0.3993,14.46,0.50,25.0,900.0,0.0,HI,70.0,RAMPING
2026-09-05 07:32:50,403.1,1,375.00,368.3814,-6.6186,368.7827,+0.4013,14.48,0.50,25.0,900.0,0.0,HI,70.0,RAMPING
2026-09-05 07:32:51,404.5,1,375.00,368.3910,-6.6090,368.7944,+0.4034,14.58,0.50,25.0,900.0,0.0,HI,70.0,RAMPING
2026-09-05 07:32:52,405.9,1,375.00,368.4000,-6.6000,368.8061,+0.4061,14.58,0.50,25.0,900.0,0.0,HI,70.0,RAMPING
2026-09-05 07:32:54,407.3,1,375.00,368.4092,-6.5908,368.8178,+0.4086,14.59,0.50,25.0,900.0,0.0,HI,70.0,RAMPING
2026-09-05 07:32:55,408.7,1,375.00,368.4186,-6.5814,368.8295,+0.4109,14.57,0.50,25.0,900.0,0.0,HI,70.0,RAMPING
2026-09-05 07:32:57,410.1,1,375.00,368.4283,-6.5717,368.8412,+0.4129,14.52,0.50,25.0,900.0,0.0,HI,70.0,RAMPING
2026-09-05 07:32:58,411.5,1,375.00,368.4378,-6.5622,368.8529,+0.4151,14.58,0.50,25.0,900.0,0.0,HI,70.0,RAMPING
2026-09-05 07:32:59,412.9,1,375.00,368.4472,-6.5528,368.8646,+0.4174,14.50,0.50,25.0,900.0,0.0,HI,70.0,RAMPING
2026-09-05 07:33:01,414.4,1,375.00,368.4581,-6.5419,368.8763,+0.4182,14.52,0.50,25.0,900.0,0.0,HI,70.0,RAMPING
2026-09-05 07:33:02,415.8,1,375.00,368.4672,-6.5328,368.8880,+0.4208,14.61,0.50,25.0,900.0,0.0,HI,70.0,RAMPING
2026-09-05 07:33:04,417.2,1,375.00,368.4758,-6.5242,368.8997,+0.4239,14.62,0.50,25.0,900.0,0.0,HI,70.0,RAMPING
2026-09-05 07:33:05,418.6,1,375.00,368.4848,-6.5152,368.9114,+0.4266,14.65,0.50,25.0,900.0,0.0,HI,70.0,RAMPING
2026-09-05 07:33:06,420.0,1,375.00,368.4942,-6.5058,368.9231,+0.4289,14.64,0.50,25.0,900.0,0.0,HI,70.0,RAMPING
2026-09-05 07:33:08,421.4,1,375.00,368.5030,-6.4970,368.9348,+0.4318,14.70,0.50,25.0,900.0,0.0,HI,70.0,RAMPING
2026-09-05 07:33:09,422.8,1,375.00,368.5121,-6.4879,368.9465,+0.4344,14.61,0.50,25.0,900.0,0.0,HI,70.0,RAMPING
2026-09-05 07:33:11,424.2,1,375.00,368.5219,-6.4781,368.9582,+0.4363,14.63,0.50,25.0,900.0,0.0,HI,70.0,RAMPING
2026-09-05 07:33:12,425.6,1,375.00,368.5319,-6.4681,368.9699,+0.4380,14.55,0.50,25.0,900.0,0.0,HI,70.0,RAMPING
2026-09-05 07:33:14,427.0,1,375.00,368.5431,-6.4569,368.9816,+0.4385,14.55,0.50,25.0,900.0,0.0,HI,70.0,RAMPING
2026-09-05 07:33:15,428.4,1,375.00,368.5534,-6.4466,368.9933,+0.4399,14.53,0.50,25.0,900.0,0.0,HI,70.0,RAMPING
2026-09-05 07:33:16,429.8,1,375.00,368.5639,-6.4361,369.0050,+0.4411,14.47,0.50,25.0,900.0,0.0,HI,70.0,RAMPING
2026-09-05 07:33:18,431.2,1,375.00,368.5742,-6.4258,369.0167,+0.4425,14.55,0.50,25.0,900.0,0.0,HI,70.0,RAMPING
2026-09-05 07:33:19,432.6,1,375.00,368.5834,-6.4166,369.0284,+0.4450,14.54,0.50,25.0,900.0,0.0,HI,70.0,RAMPING
2026-09-05 07:33:21,434.0,1,375.00,368.5938,-6.4062,369.0401,+0.4463,14.51,0.50,25.0,900.0,0.0,HI,70.0,RAMPING
2026-09-05 07:33:22,435.4,1,375.00,368.6036,-6.3964,369.0518,+0.4482,14.53,0.50,25.0,900.0,0.0,HI,70.0,RAMPING
2026-09-05 07:33:23,436.8,1,375.00,368.6135,-6.3865,369.0635,+0.4500,14.51,0.50,25.0,900.0,0.0,HI,70.0,RAMPING
2026-09-05 07:33:25,438.2,1,375.00,368.6235,-6.3765,369.0752,+0.4517,14.54,0.50,25.0,900.0,0.0,HI,70.0,RAMPING
2026-09-05 07:33:26,439.6,1,375.00,368.6332,-6.3668,369.0869,+0.4537,14.54,0.50,25.0,900.0,0.0,HI,70.0,RAMPING
2026-09-05 07:33:28,441.0,1,375.00,368.6423,-6.3577,369.0986,+0.4563,14.53,0.50,25.0,900.0,0.0,HI,70.0,RAMPING
2026-09-05 07:33:29,442.4,1,375.00,368.6523,-6.3477,369.1103,+0.4580,14.49,0.50,25.0,900.0,0.0,HI,70.0,RAMPING
2026-09-05 07:33:30,443.8,1,375.00,368.6626,-6.3374,369.1220,+0.4594,14.46,0.50,25.0,900.0,0.0,HI,70.0,RAMPING
2026-09-05 07:33:32,445.2,1,375.00,368.6720,-6.3280,369.1337,+0.4617,14.58,0.50,25.0,900.0,0.0,HI,70.0,RAMPING
2026-09-05 07:33:33,446.6,1,375.00,368.6819,-6.3181,369.1454,+0.4635,14.48,0.50,25.0,900.0,0.0,HI,70.0,RAMPING
2026-09-05 07:33:35,448.0,1,375.00,368.6915,-6.3085,369.1571,+0.4656,14.55,0.50,25.0,900.0,0.0,HI,70.0,RAMPING
2026-09-05 07:33:36,449.4,1,375.00,368.7000,-6.3000,369.1688,+0.4688,14.54,0.50,25.0,900.0,0.0,HI,70.0,RAMPING
2026-09-05 07:33:37,450.8,1,375.00,368.7101,-6.2899,369.1805,+0.4704,14.55,0.50,25.0,900.0,0.0,HI,70.0,RAMPING
2026-09-05 07:33:39,452.3,1,375.00,368.7192,-6.2808,369.1922,+0.4730,14.58,0.50,25.0,900.0,0.0,HI,70.0,RAMPING
2026-09-05 07:33:40,453.7,1,375.00,368.7289,-6.2711,369.2039,+0.4750,14.56,0.50,25.0,900.0,0.0,HI,70.0,RAMPING
2026-09-05 07:33:42,455.1,1,375.00,368.7382,-6.2618,369.2156,+0.4774,14.59,0.50,25.0,900.0,0.0,HI,70.0,RAMPING
2026-09-05 07:33:43,456.5,1,375.00,368.7476,-6.2524,369.2273,+0.4797,14.58,0.50,25.0,900.0,0.0,HI,70.0,RAMPING
2026-09-05 07:33:44,457.9,1,375.00,368.7567,-6.2433,369.2390,+0.4823,14.57,0.50,25.0,900.0,0.0,HI,70.0,RAMPING
2026-09-05 07:33:46,459.3,1,375.00,368.7664,-6.2336,369.2507,+0.4843,14.56,0.50,25.0,900.0,0.0,HI,70.0,RAMPING
2026-09-05 07:33:47,460.7,1,375.00,368.7772,-6.2228,369.2624,+0.4852,14.52,0.50,25.0,900.0,0.0,HI,70.0,RAMPING
2026-09-05 07:33:49,462.1,1,375.00,368.7869,-6.2131,369.2741,+0.4872,14.57,0.50,25.0,900.0,0.0,HI,70.0,RAMPING
2026-09-05 07:33:50,463.5,1,375.00,368.7963,-6.2037,369.2858,+0.4895,14.53,0.50,25.0,900.0,0.0,HI,70.0,RAMPING
2026-09-05 07:33:51,464.9,1,375.00,368.8062,-6.1938,369.2975,+0.4913,14.50,0.50,25.0,900.0,0.0,HI,70.0,RAMPING
2026-09-05 07:33:53,466.3,1,375.00,368.8176,-6.1824,369.3091,+0.4915,14.53,0.50,25.0,900.0,0.0,HI,70.0,RAMPING
2026-09-05 07:33:54,467.7,1,375.00,368.8270,-6.1730,369.3208,+0.4938,14.57,0.50,25.0,900.0,0.0,HI,70.0,RAMPING
2026-09-05 07:33:56,469.1,1,375.00,368.8361,-6.1639,369.3325,+0.4964,14.55,0.50,25.0,900.0,0.0,HI,70.0,RAMPING
2026-09-05 07:33:57,470.5,1,375.00,368.8451,-6.1549,369.3442,+0.4991,14.54,0.50,25.0,900.0,0.0,HI,70.0,RAMPING
2026-09-05 07:33:58,471.9,1,375.00,368.8545,-6.1455,369.3559,+0.5014,14.57,0.50,25.0,900.0,0.0,HI,70.0,RAMPING
2026-09-05 07:34:00,473.3,1,375.00,368.8643,-6.1357,369.3676,+0.5033,14.52,0.50,25.0,900.0,0.0,HI,70.0,RAMPING
2026-09-05 07:34:01,474.7,1,375.00,368.8739,-6.1261,369.3793,+0.5054,14.61,0.50,25.0,900.0,0.0,HI,70.0,RAMPING
2026-09-05 07:34:03,476.1,1,375.00,368.8828,-6.1172,369.3910,+0.5082,14.59,0.50,25.0,900.0,0.0,HI,70.0,RAMPING
2026-09-05 07:34:04,477.5,1,375.00,368.8923,-6.1077,369.4027,+0.5104,14.62,0.50,25.0,900.0,0.0,HI,70.0,RAMPING
2026-09-05 07:34:05,478.9,1,375.00,368.9018,-6.0982,369.4144,+0.5126,14.57,0.50,25.0,900.0,0.0,HI,70.0,RAMPING
2026-09-05 07:34:07,480.3,1,375.00,368.9119,-6.0881,369.4261,+0.5142,14.56,0.50,25.0,900.0,0.0,HI,70.0,RAMPING
2026-09-05 07:34:08,481.7,1,375.00,368.9218,-6.0782,369.4378,+0.5160,14.53,0.50,25.0,900.0,0.0,HI,70.0,RAMPING
2026-09-05 07:34:10,483.1,1,375.00,368.9317,-6.0683,369.4495,+0.5178,14.53,0.50,25.0,900.0,0.0,HI,70.0,RAMPING
2026-09-05 07:34:11,484.5,1,375.00,368.9419,-6.0581,369.4612,+0.5193,14.52,0.50,25.0,900.0,0.0,HI,70.0,RAMPING
2026-09-05 07:34:12,485.9,1,375.00,368.9520,-6.0480,369.4729,+0.5209,14.61,0.50,25.0,900.0,0.0,HI,70.0,RAMPING
2026-09-05 07:34:14,487.3,1,375.00,368.9616,-6.0384,369.4846,+0.5230,14.51,0.50,25.0,900.0,0.0,HI,70.0,RAMPING
2026-09-05 07:34:15,488.8,1,375.00,368.9711,-6.0289,369.4963,+0.5252,14.60,0.50,25.0,900.0,0.0,HI,70.0,RAMPING
2026-09-05 07:34:17,490.2,1,375.00,368.9803,-6.0197,369.5080,+0.5277,14.61,0.50,25.0,900.0,0.0,HI,70.0,RAMPING
2026-09-05 07:34:18,491.6,1,375.00,368.9897,-6.0103,369.5197,+0.5300,14.61,0.50,25.0,900.0,0.0,HI,70.0,RAMPING
2026-09-05 07:34:19,493.0,1,375.00,368.9992,-6.0008,369.5314,+0.5322,14.61,0.50,25.0,900.0,0.0,HI,70.0,RAMPING
2026-09-05 07:34:21,494.4,1,375.00,369.0085,-5.9915,369.5431,+0.5346,14.58,0.50,25.0,900.0,0.0,HI,70.0,RAMPING
2026-09-05 07:34:22,495.8,1,375.00,369.0178,-5.9822,369.5548,+0.5370,14.69,0.50,25.0,900.0,0.0,HI,70.0,RAMPING
2026-09-05 07:34:24,497.2,1,375.00,369.0269,-5.9731,369.5665,+0.5396,14.65,0.50,25.0,900.0,0.0,HI,70.0,RAMPING
2026-09-05 07:34:25,498.6,1,375.00,369.0363,-5.9637,369.5782,+0.5419,14.62,0.50,25.0,900.0,0.0,HI,70.0,RAMPING
2026-09-05 07:34:27,500.0,1,375.00,369.0460,-5.9540,369.5899,+0.5439,14.66,0.50,25.0,900.0,0.0,HI,70.0,RAMPING
2026-09-05 07:34:28,501.4,1,375.00,369.0551,-5.9449,369.6016,+0.5465,14.68,0.50,25.0,900.0,0.0,HI,70.0,RAMPING
2026-09-05 07:34:29,502.8,1,375.00,369.0644,-5.9356,369.6133,+0.5489,14.59,0.50,25.0,900.0,0.0,HI,70.0,RAMPING
2026-09-05 07:34:31,504.2,1,375.00,369.0742,-5.9258,369.6250,+0.5508,14.68,0.50,25.0,900.0,0.0,HI,70.0,RAMPING
2026-09-05 07:34:32,505.6,1,375.00,369.0840,-5.9160,369.6367,+0.5527,14.64,0.50,25.0,900.0,0.0,HI,70.0,RAMPING
2026-09-05 07:34:34,507.0,1,375.00,369.0935,-5.9065,369.6484,+0.5549,14.67,0.50,25.0,900.0,0.0,HI,70.0,RAMPING
2026-09-05 07:34:35,508.4,1,375.00,369.1029,-5.8971,369.6601,+0.5572,14.64,0.50,25.0,900.0,0.0,HI,70.0,RAMPING
2026-09-05 07:34:36,509.8,1,375.00,369.1127,-5.8873,369.6718,+0.5591,14.63,0.50,25.0,900.0,0.0,HI,70.0,RAMPING
2026-09-05 07:34:38,511.2,1,375.00,369.1224,-5.8776,369.6835,+0.5611,14.67,0.50,25.0,900.0,0.0,HI,70.0,RAMPING
2026-09-05 07:34:39,512.6,1,375.00,369.1322,-5.8678,369.6952,+0.5630,14.70,0.50,25.0,900.0,0.0,HI,70.0,RAMPING
2026-09-05 07:34:41,514.0,1,375.00,369.1412,-5.8588,369.7069,+0.5657,14.74,0.50,25.0,900.0,0.0,HI,70.0,RAMPING
2026-09-05 07:34:42,515.4,1,375.00,369.1503,-5.8497,369.7186,+0.5683,14.72,0.50,25.0,900.0,0.0,HI,70.0,RAMPING
2026-09-05 07:34:43,516.8,1,375.00,369.1597,-5.8403,369.7303,+0.5706,14.69,0.50,25.0,900.0,0.0,HI,70.0,RAMPING
2026-09-05 07:34:45,518.2,1,375.00,369.1700,-5.8300,369.7420,+0.5720,14.64,0.50,25.0,900.0,0.0,HI,70.0,RAMPING
2026-09-05 07:34:46,519.6,1,375.00,369.1804,-5.8196,369.7537,+0.5733,14.64,0.50,25.0,900.0,0.0,HI,70.0,RAMPING
2026-09-05 07:34:48,521.0,1,375.00,369.1901,-5.8099,369.7654,+0.5753,14.59,0.50,25.0,900.0,0.0,HI,70.0,RAMPING
2026-09-05 07:34:49,522.4,1,375.00,369.2006,-5.7994,369.7771,+0.5765,14.63,0.50,25.0,900.0,0.0,HI,70.0,RAMPING
2026-09-05 07:34:50,523.9,1,375.00,369.2106,-5.7894,369.7888,+0.5782,14.62,0.50,25.0,900.0,0.0,HI,70.0,RAMPING
2026-09-05 07:34:52,525.3,1,375.00,369.2204,-5.7796,369.8005,+0.5801,14.66,0.50,25.0,900.0,0.0,HI,70.0,RAMPING
2026-09-05 07:34:53,526.7,1,375.00,369.2302,-5.7698,369.8122,+0.5820,14.60,0.50,25.0,900.0,0.0,HI,70.0,RAMPING
2026-09-05 07:34:55,528.1,1,375.00,369.2404,-5.7596,369.8239,+0.5835,14.56,0.50,25.0,900.0,0.0,HI,70.0,RAMPING
2026-09-05 07:34:56,529.5,1,375.00,369.2508,-5.7492,369.8356,+0.5848,14.58,0.50,25.0,900.0,0.0,HI,70.0,RAMPING
2026-09-05 07:34:57,530.9,1,375.00,369.2608,-5.7392,369.8473,+0.5865,14.64,0.50,25.0,900.0,0.0,HI,70.0,RAMPING
2026-09-05 07:34:59,532.3,1,375.00,369.2699,-5.7301,369.8590,+0.5891,14.65,0.50,25.0,900.0,0.0,HI,70.0,RAMPING
2026-09-05 07:35:00,533.7,1,375.00,369.2789,-5.7211,369.8707,+0.5918,14.68,0.50,25.0,900.0,0.0,HI,70.0,RAMPING
2026-09-05 07:35:02,535.1,1,375.00,369.2878,-5.7122,369.8824,+0.5946,14.63,0.50,25.0,900.0,0.0,HI,70.0,RAMPING
2026-09-05 07:35:03,536.5,1,375.00,369.2975,-5.7025,369.8941,+0.5966,14.68,0.50,25.0,900.0,0.0,HI,70.0,RAMPING
2026-09-05 07:35:04,537.9,1,375.00,369.3074,-5.6926,369.9058,+0.5984,14.64,0.50,25.0,900.0,0.0,HI,70.0,RAMPING
2026-09-05 07:35:06,539.3,1,375.00,369.3170,-5.6830,369.9175,+0.6005,14.62,0.50,25.0,900.0,0.0,HI,70.0,RAMPING
2026-09-05 07:35:07,540.7,1,375.00,369.3266,-5.6734,369.9292,+0.6026,14.62,0.50,25.0,900.0,0.0,HI,70.0,RAMPING
2026-09-05 07:35:09,542.1,1,375.00,369.3366,-5.6634,369.9409,+0.6043,14.63,0.50,25.0,900.0,0.0,HI,70.0,RAMPING
2026-09-05 07:35:10,543.5,1,375.00,369.3467,-5.6533,369.9526,+0.6059,14.61,0.50,25.0,900.0,0.0,HI,70.0,RAMPING
2026-09-05 07:35:11,544.9,1,375.00,369.3576,-5.6424,369.9643,+0.6067,14.57,0.50,25.0,900.0,0.0,HI,70.0,RAMPING
2026-09-05 07:35:13,546.3,1,375.00,369.3672,-5.6328,369.9760,+0.6088,14.62,0.50,25.0,900.0,0.0,HI,70.0,RAMPING
2026-09-05 07:35:14,547.7,1,375.00,369.3771,-5.6229,369.9877,+0.6106,14.59,0.50,25.0,900.0,0.0,HI,70.0,RAMPING
2026-09-05 07:35:16,549.1,1,375.00,369.3862,-5.6138,369.9994,+0.6132,14.68,0.50,25.0,900.0,0.0,HI,70.0,RAMPING
2026-09-05 07:35:17,550.5,1,375.00,369.3955,-5.6045,370.0111,+0.6156,14.66,0.50,25.0,900.0,0.0,HI,70.0,RAMPING
2026-09-05 07:35:18,551.9,1,375.00,369.4056,-5.5944,370.0228,+0.6172,14.58,0.50,25.0,900.0,0.0,HI,70.0,RAMPING
2026-09-05 07:35:20,553.3,1,375.00,369.4156,-5.5844,370.0345,+0.6189,14.63,0.50,25.0,900.0,0.0,HI,70.0,RAMPING
2026-09-05 07:35:21,554.7,1,375.00,369.4247,-5.5753,370.0462,+0.6215,14.65,0.50,25.0,900.0,0.0,HI,70.0,RAMPING
2026-09-05 07:35:23,556.1,1,375.00,369.4342,-5.5658,370.0579,+0.6237,14.61,0.50,25.0,900.0,0.0,HI,70.0,RAMPING
2026-09-05 07:35:24,557.5,1,375.00,369.4446,-5.5554,370.0696,+0.6250,14.63,0.50,25.0,900.0,0.0,HI,70.0,RAMPING
2026-09-05 07:35:25,558.9,1,375.00,369.4536,-5.5464,370.0813,+0.6277,14.65,0.50,25.0,900.0,0.0,HI,70.0,RAMPING
2026-09-05 07:35:27,560.3,1,375.00,369.4628,-5.5372,370.0930,+0.6302,14.64,0.50,25.0,900.0,0.0,HI,70.0,RAMPING
2026-09-05 07:35:28,561.8,1,375.00,369.4719,-5.5281,370.1047,+0.6328,14.70,0.50,25.0,900.0,0.0,HI,70.0,RAMPING
2026-09-05 07:35:30,563.2,1,375.00,369.4814,-5.5186,370.1164,+0.6350,14.63,0.50,25.0,900.0,0.0,HI,70.0,RAMPING
2026-09-05 07:35:31,564.6,1,375.00,369.4915,-5.5085,370.1281,+0.6366,14.68,0.50,25.0,900.0,0.0,HI,70.0,RAMPING
2026-09-05 07:35:32,566.0,1,375.00,369.5006,-5.4994,370.1398,+0.6392,14.69,0.50,25.0,900.0,0.0,HI,70.0,RAMPING
2026-09-05 07:35:34,567.4,1,375.00,369.5099,-5.4901,370.1515,+0.6416,14.65,0.50,25.0,900.0,0.0,HI,70.0,RAMPING
2026-09-05 07:35:35,568.8,1,375.00,369.5195,-5.4805,370.1632,+0.6437,14.70,0.50,25.0,900.0,0.0,HI,70.0,RAMPING
2026-09-05 07:35:37,570.2,1,375.00,369.5296,-5.4704,370.1749,+0.6453,14.70,0.50,25.0,900.0,0.0,HI,70.0,RAMPING
2026-09-05 07:35:38,571.6,1,375.00,369.5386,-5.4614,370.1866,+0.6480,14.68,0.50,25.0,900.0,0.0,HI,70.0,RAMPING
2026-09-05 07:35:40,573.0,1,375.00,369.5481,-5.4519,370.1983,+0.6502,14.70,0.50,25.0,900.0,0.0,HI,70.0,RAMPING
2026-09-05 07:35:41,574.4,1,375.00,369.5577,-5.4423,370.2099,+0.6522,14.70,0.50,25.0,900.0,0.0,HI,70.0,RAMPING
2026-09-05 07:35:42,575.8,1,375.00,369.5672,-5.4328,370.2216,+0.6544,14.70,0.50,25.0,900.0,0.0,HI,70.0,RAMPING
2026-09-05 07:35:44,577.2,1,375.00,369.5773,-5.4227,370.2334,+0.6561,14.74,0.50,25.0,900.0,0.0,HI,70.0,RAMPING
2026-09-05 07:35:45,578.6,1,375.00,369.5871,-5.4129,370.2451,+0.6580,14.64,0.50,25.0,900.0,0.0,HI,70.0,RAMPING
2026-09-05 07:35:47,580.0,1,375.00,369.5965,-5.4035,370.2568,+0.6603,14.72,0.50,25.0,900.0,0.0,HI,70.0,RAMPING
2026-09-05 07:35:48,581.4,1,375.00,369.6057,-5.3943,370.2685,+0.6628,14.70,0.50,25.0,900.0,0.0,HI,70.0,RAMPING
2026-09-05 07:35:49,582.8,1,375.00,369.6152,-5.3848,370.2802,+0.6650,14.72,0.50,25.0,900.0,0.0,HI,70.0,RAMPING
2026-09-05 07:35:51,584.2,1,375.00,369.6250,-5.3750,370.2919,+0.6669,14.74,0.50,25.0,900.0,0.0,HI,70.0,RAMPING
2026-09-05 07:35:52,585.6,1,375.00,369.6346,-5.3654,370.3035,+0.6689,14.74,0.50,25.0,900.0,0.0,HI,70.0,RAMPING
2026-09-05 07:35:54,587.0,1,375.00,369.6441,-5.3559,370.3153,+0.6712,14.75,0.50,25.0,900.0,0.0,HI,70.0,RAMPING
2026-09-05 07:35:55,588.4,1,375.00,369.6531,-5.3469,370.3270,+0.6739,14.80,0.50,25.0,900.0,0.0,HI,70.0,RAMPING
2026-09-05 07:35:56,589.8,1,375.00,369.6630,-5.3370,370.3387,+0.6757,14.72,0.50,25.0,900.0,0.0,HI,70.0,RAMPING
2026-09-05 07:35:58,591.2,1,375.00,369.6730,-5.3270,370.3504,+0.6774,14.73,0.50,25.0,900.0,0.0,HI,70.0,RAMPING
2026-09-05 07:35:59,592.6,1,375.00,369.6826,-5.3174,370.3621,+0.6795,14.73,0.50,25.0,900.0,0.0,HI,70.0,RAMPING
2026-09-05 07:36:01,594.0,1,375.00,369.6921,-5.3079,370.3738,+0.6817,14.72,0.50,25.0,900.0,0.0,HI,70.0,RAMPING
2026-09-05 07:36:02,595.4,1,375.00,369.7024,-5.2976,370.3855,+0.6831,14.66,0.50,25.0,900.0,0.0,HI,70.0,RAMPING
2026-09-05 07:36:03,596.9,1,375.00,369.7132,-5.2868,370.3972,+0.6840,14.66,0.50,25.0,900.0,0.0,HI,70.0,RAMPING
2026-09-05 07:36:05,598.3,1,375.00,369.7238,-5.2762,370.4089,+0.6851,14.62,0.50,25.0,900.0,0.0,HI,70.0,RAMPING
2026-09-05 07:36:06,599.7,1,375.00,369.7342,-5.2658,370.4206,+0.6864,14.67,0.50,25.0,900.0,0.0,HI,70.0,RAMPING
2026-09-05 07:36:08,601.1,1,375.00,369.7432,-5.2568,370.4323,+0.6891,14.73,0.50,25.0,900.0,0.0,HI,70.0,RAMPING
2026-09-05 07:36:09,602.5,1,375.00,369.7532,-5.2468,370.4440,+0.6908,14.67,0.50,25.0,900.0,0.0,HI,70.0,RAMPING
2026-09-05 07:36:10,603.9,1,375.00,369.7625,-5.2375,370.4557,+0.6932,14.70,0.50,25.0,900.0,0.0,HI,70.0,RAMPING
2026-09-05 07:36:12,605.3,1,375.00,369.7722,-5.2278,370.4674,+0.6952,14.66,0.50,25.0,900.0,0.0,HI,70.0,RAMPING
2026-09-05 07:36:13,606.7,1,375.00,369.7820,-5.2180,370.4791,+0.6971,14.71,0.50,25.0,900.0,0.0,HI,70.0,RAMPING
2026-09-05 07:36:15,608.1,1,375.00,369.7912,-5.2088,370.4908,+0.6996,14.72,0.50,25.0,900.0,0.0,HI,70.0,RAMPING
2026-09-05 07:36:16,609.5,1,375.00,369.8012,-5.1988,370.5025,+0.7013,14.70,0.50,25.0,900.0,0.0,HI,70.0,RAMPING
2026-09-05 07:36:17,610.9,1,375.00,369.8106,-5.1894,370.5142,+0.7036,14.71,0.50,25.0,900.0,0.0,HI,70.0,RAMPING
2026-09-05 07:36:19,612.3,1,375.00,369.8197,-5.1803,370.5259,+0.7062,14.66,0.50,25.0,900.0,0.0,HI,70.0,RAMPING
2026-09-05 07:36:20,613.7,1,375.00,369.8306,-5.1694,370.5376,+0.7070,14.63,0.50,25.0,900.0,0.0,HI,70.0,RAMPING
2026-09-05 07:36:22,615.1,1,375.00,369.8417,-5.1583,370.5493,+0.7076,14.65,0.50,25.0,900.0,0.0,HI,70.0,RAMPING
2026-09-05 07:36:23,616.5,1,375.00,369.8515,-5.1485,370.5610,+0.7095,14.64,0.50,25.0,900.0,0.0,HI,70.0,RAMPING
2026-09-05 07:36:24,617.9,1,375.00,369.8611,-5.1389,370.5727,+0.7116,14.65,0.50,25.0,900.0,0.0,HI,70.0,RAMPING
2026-09-05 07:36:26,619.3,1,375.00,369.8704,-5.1296,370.5844,+0.7140,14.69,0.50,25.0,900.0,0.0,HI,70.0,RAMPING
2026-09-05 07:36:27,620.7,1,375.00,369.8796,-5.1204,370.5961,+0.7165,14.68,0.50,25.0,900.0,0.0,HI,70.0,RAMPING
2026-09-05 07:36:29,622.1,1,375.00,369.8896,-5.1104,370.6077,+0.7181,14.68,0.50,25.0,900.0,0.0,HI,70.0,RAMPING
2026-09-05 07:36:30,623.5,1,375.00,369.8988,-5.1012,370.6194,+0.7206,14.66,0.50,25.0,900.0,0.0,HI,70.0,RAMPING
2026-09-05 07:36:31,624.9,1,375.00,369.9085,-5.0915,370.6311,+0.7226,14.70,0.50,25.0,900.0,0.0,HI,70.0,RAMPING
2026-09-05 07:36:33,626.3,1,375.00,369.9182,-5.0818,370.6428,+0.7246,14.66,0.50,25.0,900.0,0.0,HI,70.0,RAMPING
2026-09-05 07:36:34,627.7,1,375.00,369.9280,-5.0720,370.6545,+0.7265,14.64,0.50,25.0,900.0,0.0,HI,70.0,RAMPING
2026-09-05 07:36:36,629.1,1,375.00,369.9384,-5.0616,370.6662,+0.7278,14.73,0.50,25.0,900.0,0.0,HI,70.0,RAMPING
2026-09-05 07:36:37,630.5,1,375.00,369.9473,-5.0527,370.6779,+0.7306,14.74,0.50,25.0,900.0,0.0,HI,70.0,RAMPING
2026-09-05 07:36:38,631.9,1,375.00,369.9566,-5.0434,370.6896,+0.7330,14.73,0.50,25.0,900.0,0.0,HI,70.0,RAMPING
2026-09-05 07:36:40,633.4,1,375.00,369.9657,-5.0343,370.7013,+0.7356,14.76,0.50,25.0,900.0,0.0,HI,70.0,RAMPING
2026-09-05 07:36:41,634.8,1,375.00,369.9746,-5.0254,370.7130,+0.7384,14.77,0.50,25.0,900.0,0.0,HI,70.0,RAMPING
2026-09-05 07:36:43,636.2,1,375.00,369.9843,-5.0157,370.7247,+0.7404,14.80,0.50,25.0,900.0,0.0,HI,70.0,RAMPING
2026-09-05 07:36:44,637.6,1,375.00,369.9932,-5.0068,370.7364,+0.7432,14.76,0.50,25.0,900.0,0.0,HI,70.0,RAMPING
2026-09-05 07:36:45,639.0,1,375.00,370.0024,-4.9976,370.7481,+0.7457,14.78,0.50,25.0,900.0,0.0,HI,70.0,RAMPING
2026-09-05 07:36:47,640.4,1,375.00,370.0117,-4.9883,370.7598,+0.7481,14.78,0.50,25.0,900.0,0.0,HI,70.0,RAMPING
2026-09-05 07:36:48,641.8,1,375.00,370.0220,-4.9780,370.7715,+0.7495,14.74,0.50,25.0,900.0,0.0,HI,70.0,RAMPING
2026-09-05 07:36:50,643.2,1,375.00,370.0322,-4.9678,370.7832,+0.7510,14.74,0.50,25.0,900.0,0.0,HI,70.0,RAMPING
2026-09-05 07:36:51,644.6,1,375.00,370.0417,-4.9583,370.7949,+0.7532,14.72,0.50,25.0,900.0,0.0,HI,70.0,RAMPING
2026-09-05 07:36:53,646.0,1,375.00,370.0520,-4.9480,370.8066,+0.7546,14.71,0.50,25.0,900.0,0.0,HI,70.0,RAMPING
2026-09-05 07:36:54,647.4,1,375.00,370.0616,-4.9384,370.8183,+0.7567,14.74,0.50,25.0,900.0,0.0,HI,70.0,RAMPING
2026-09-05 07:36:55,648.8,1,375.00,370.0717,-4.9283,370.8300,+0.7583,14.76,0.50,25.0,900.0,0.0,HI,70.0,RAMPING
2026-09-05 07:36:57,650.2,1,375.00,370.0807,-4.9193,370.8417,+0.7610,14.73,0.50,25.0,900.0,0.0,HI,70.0,RAMPING
2026-09-05 07:36:58,651.6,1,375.00,370.0908,-4.9092,370.8534,+0.7626,14.80,0.50,25.0,900.0,0.0,HI,70.0,RAMPING
2026-09-05 07:37:00,653.0,1,375.00,370.0997,-4.9003,370.8651,+0.7654,14.78,0.50,25.0,900.0,0.0,HI,70.0,RAMPING
2026-09-05 07:37:01,654.4,1,375.00,370.1097,-4.8903,370.8768,+0.7671,14.78,0.50,25.0,900.0,0.0,HI,70.0,RAMPING
2026-09-05 07:37:02,655.8,1,375.00,370.1191,-4.8809,370.8885,+0.7694,14.77,0.50,25.0,900.0,0.0,HI,70.0,RAMPING
2026-09-05 07:37:04,657.2,1,375.00,370.1288,-4.8712,370.9002,+0.7714,14.79,0.50,25.0,900.0,0.0,HI,70.0,RAMPING
2026-09-05 07:37:05,658.6,1,375.00,370.1381,-4.8619,370.9119,+0.7738,14.81,0.50,25.0,900.0,0.0,HI,70.0,RAMPING
2026-09-05 07:37:07,660.0,1,375.00,370.1473,-4.8527,370.9236,+0.7763,14.81,0.50,25.0,900.0,0.0,HI,70.0,RAMPING
2026-09-05 07:37:08,661.4,1,375.00,370.1576,-4.8424,370.9353,+0.7777,14.73,0.50,25.0,900.0,0.0,HI,70.0,RAMPING
2026-09-05 07:37:09,662.8,1,375.00,370.1676,-4.8324,370.9470,+0.7794,14.79,0.50,25.0,900.0,0.0,HI,70.0,RAMPING
2026-09-05 07:37:11,664.2,1,375.00,370.1768,-4.8232,370.9587,+0.7819,14.83,0.50,25.0,900.0,0.0,HI,70.0,RAMPING
2026-09-05 07:37:12,665.6,1,375.00,370.1864,-4.8136,370.9704,+0.7840,14.76,0.50,25.0,900.0,0.0,HI,70.0,RAMPING
2026-09-05 07:37:14,667.0,1,375.00,370.1962,-4.8038,370.9821,+0.7859,14.73,0.50,25.0,900.0,0.0,HI,70.0,RAMPING
2026-09-05 07:37:15,668.4,1,375.00,370.2072,-4.7928,370.9938,+0.7866,14.74,0.50,25.0,900.0,0.0,HI,70.0,RAMPING
2026-09-05 07:37:16,669.9,1,375.00,370.2166,-4.7834,371.0055,+0.7889,14.75,0.50,25.0,900.0,0.0,HI,70.0,RAMPING
2026-09-05 07:37:18,671.3,1,375.00,370.2266,-4.7734,371.0172,+0.7906,14.75,0.50,25.0,900.0,0.0,HI,70.0,RAMPING
2026-09-05 07:37:19,672.7,1,375.00,370.2362,-4.7638,371.0289,+0.7927,14.76,0.50,25.0,900.0,0.0,HI,70.0,RAMPING
2026-09-05 07:37:21,674.1,1,375.00,370.2460,-4.7540,371.0406,+0.7946,14.74,0.50,25.0,900.0,0.0,HI,70.0,RAMPING
2026-09-05 07:37:22,675.5,1,375.00,370.2566,-4.7434,371.0523,+0.7957,14.72,0.50,25.0,900.0,0.0,HI,70.0,RAMPING
2026-09-05 07:37:23,676.9,1,375.00,370.2664,-4.7336,371.0640,+0.7976,14.72,0.50,25.0,900.0,0.0,HI,70.0,RAMPING
2026-09-05 07:37:25,678.3,1,375.00,370.2757,-4.7243,371.0757,+0.8000,14.80,0.50,25.0,900.0,0.0,HI,70.0,RAMPING
2026-09-05 07:37:26,679.7,1,375.00,370.2845,-4.7155,371.0874,+0.8029,14.78,0.50,25.0,900.0,0.0,HI,70.0,RAMPING
2026-09-05 07:37:28,681.1,1,375.00,370.2948,-4.7052,371.0991,+0.8043,14.75,0.50,25.0,900.0,0.0,HI,70.0,RAMPING
2026-09-05 07:37:29,682.5,1,375.00,370.3036,-4.6964,371.1108,+0.8072,14.83,0.50,25.0,900.0,0.0,HI,70.0,RAMPING
2026-09-05 07:37:30,683.9,1,375.00,370.3131,-4.6869,371.1225,+0.8094,14.78,0.50,25.0,900.0,0.0,HI,70.0,RAMPING
2026-09-05 07:37:32,685.3,1,375.00,370.3227,-4.6773,371.1342,+0.8115,14.80,0.50,25.0,900.0,0.0,HI,70.0,RAMPING
2026-09-05 07:37:33,686.7,1,375.00,370.3320,-4.6680,371.1459,+0.8139,14.82,0.50,25.0,900.0,0.0,HI,70.0,RAMPING
2026-09-05 07:37:35,688.1,1,375.00,370.3416,-4.6584,371.1576,+0.8160,14.83,0.50,25.0,900.0,0.0,HI,70.0,RAMPING
2026-09-05 07:37:36,689.5,1,375.00,370.3511,-4.6489,371.1693,+0.8182,14.83,0.50,25.0,900.0,0.0,HI,70.0,RAMPING
2026-09-05 07:37:37,690.9,1,375.00,370.3608,-4.6392,371.1810,+0.8202,14.77,0.50,25.0,900.0,0.0,HI,70.0,RAMPING
2026-09-05 07:37:39,692.3,1,375.00,370.3709,-4.6291,371.1927,+0.8218,14.80,0.50,25.0,900.0,0.0,HI,70.0,RAMPING
2026-09-05 07:37:40,693.7,1,375.00,370.3806,-4.6194,371.2043,+0.8237,14.81,0.50,25.0,900.0,0.0,HI,70.0,RAMPING
2026-09-05 07:37:42,695.1,1,375.00,370.3907,-4.6093,371.2161,+0.8254,14.79,0.50,25.0,900.0,0.0,HI,70.0,RAMPING
2026-09-05 07:37:43,696.5,1,375.00,370.4001,-4.5999,371.2277,+0.8276,14.81,0.50,25.0,900.0,0.0,HI,70.0,RAMPING
2026-09-05 07:37:44,697.9,1,375.00,370.4099,-4.5901,371.2394,+0.8295,14.78,0.50,25.0,900.0,0.0,HI,70.0,RAMPING
2026-09-05 07:37:46,699.3,1,375.00,370.4199,-4.5801,371.2511,+0.8312,14.82,0.50,25.0,900.0,0.0,HI,70.0,RAMPING
2026-09-05 07:37:47,700.7,1,375.00,370.4301,-4.5699,371.2628,+0.8327,14.76,0.50,25.0,900.0,0.0,HI,70.0,RAMPING
2026-09-05 07:37:49,702.1,1,375.00,370.4404,-4.5596,371.2745,+0.8341,14.75,0.50,25.0,900.0,0.0,HI,70.0,RAMPING
2026-09-05 07:37:50,703.5,1,375.00,370.4501,-4.5499,371.2862,+0.8361,14.77,0.50,25.0,900.0,0.0,HI,70.0,RAMPING
2026-09-05 07:37:51,704.9,1,375.00,370.4594,-4.5406,371.2979,+0.8385,14.81,0.50,25.0,900.0,0.0,HI,70.0,RAMPING
2026-09-05 07:37:53,706.3,1,375.00,370.4688,-4.5312,371.3096,+0.8408,14.77,0.50,25.0,900.0,0.0,HI,70.0,RAMPING
2026-09-05 07:37:54,707.8,1,375.00,370.4792,-4.5208,371.3213,+0.8421,14.73,0.50,25.0,900.0,0.0,HI,70.0,RAMPING
2026-09-05 07:37:56,709.2,1,375.00,370.4893,-4.5107,371.3330,+0.8437,14.75,0.50,25.0,900.0,0.0,HI,70.0,RAMPING
2026-09-05 07:37:57,710.6,1,375.00,370.4990,-4.5010,371.3447,+0.8457,14.75,0.50,25.0,900.0,0.0,HI,70.0,RAMPING
2026-09-05 07:37:58,712.0,1,375.00,370.5091,-4.4909,371.3564,+0.8473,14.77,0.50,25.0,900.0,0.0,HI,70.0,RAMPING
2026-09-05 07:38:00,713.4,1,375.00,370.5179,-4.4821,371.3681,+0.8502,14.85,0.50,25.0,900.0,0.0,HI,70.0,RAMPING
2026-09-05 07:38:01,714.8,1,375.00,370.5270,-4.4730,371.3798,+0.8528,14.84,0.50,25.0,900.0,0.0,HI,70.0,RAMPING
2026-09-05 07:38:03,716.2,1,375.00,370.5366,-4.4634,371.3915,+0.8549,14.80,0.50,25.0,900.0,0.0,HI,70.0,RAMPING
2026-09-05 07:38:04,717.6,1,375.00,370.5462,-4.4538,371.4032,+0.8570,14.80,0.50,25.0,900.0,0.0,HI,70.0,RAMPING
2026-09-05 07:38:06,719.0,1,375.00,370.5557,-4.4443,371.4149,+0.8592,14.77,0.50,25.0,900.0,0.0,HI,70.0,RAMPING
2026-09-05 07:38:07,720.4,1,375.00,370.5655,-4.4345,371.4266,+0.8611,14.81,0.50,25.0,900.0,0.0,HI,70.0,RAMPING
2026-09-05 07:38:08,721.8,1,375.00,370.5755,-4.4245,371.4383,+0.8628,14.76,0.50,25.0,900.0,0.0,HI,70.0,RAMPING
2026-09-05 07:38:10,723.2,1,375.00,370.5858,-4.4142,371.4500,+0.8642,14.77,0.50,25.0,900.0,0.0,HI,70.0,RAMPING
2026-09-05 07:38:11,724.6,1,375.00,370.5954,-4.4046,371.4617,+0.8663,14.76,0.50,25.0,900.0,0.0,HI,70.0,RAMPING
2026-09-05 07:38:13,726.0,1,375.00,370.6051,-4.3949,371.4734,+0.8683,14.77,0.50,25.0,900.0,0.0,HI,70.0,RAMPING
2026-09-05 07:38:14,727.4,1,375.00,370.6163,-4.3837,371.4851,+0.8688,14.71,0.50,25.0,900.0,0.0,HI,70.0,RAMPING
2026-09-05 07:38:15,728.8,1,375.00,370.6269,-4.3731,371.4968,+0.8699,14.64,0.50,25.0,900.0,0.0,HI,70.0,RAMPING
2026-09-05 07:38:17,730.2,1,375.00,370.6371,-4.3629,371.5085,+0.8714,14.68,0.50,25.0,900.0,0.0,HI,70.0,RAMPING
2026-09-05 07:38:18,731.6,1,375.00,370.6467,-4.3533,371.5202,+0.8735,14.79,0.50,25.0,900.0,0.0,HI,70.0,RAMPING
2026-09-05 07:38:20,733.0,1,375.00,370.6557,-4.3443,371.5319,+0.8762,14.81,0.50,25.0,900.0,0.0,HI,70.0,RAMPING
2026-09-05 07:38:21,734.4,1,375.00,370.6644,-4.3356,371.5436,+0.8792,14.86,0.50,25.0,900.0,0.0,HI,70.0,RAMPING
2026-09-05 07:38:22,735.8,1,375.00,370.6725,-4.3275,371.5553,+0.8828,14.86,0.50,25.0,900.0,0.0,HI,70.0,RAMPING
2026-09-05 07:38:24,737.2,1,375.00,370.6816,-4.3184,371.5670,+0.8854,14.88,0.50,25.0,900.0,0.0,HI,70.0,RAMPING
2026-09-05 07:38:25,738.6,1,375.00,370.6905,-4.3095,371.5787,+0.8882,14.94,0.50,25.0,900.0,0.0,HI,70.0,RAMPING
2026-09-05 07:38:27,740.0,1,375.00,370.6999,-4.3001,371.5904,+0.8905,14.88,0.50,25.0,900.0,0.0,HI,70.0,RAMPING
2026-09-05 07:38:28,741.4,1,375.00,370.7092,-4.2908,371.6021,+0.8929,14.90,0.50,25.0,900.0,0.0,HI,70.0,RAMPING
2026-09-05 07:38:29,742.8,1,375.00,370.7184,-4.2816,371.6138,+0.8954,14.91,0.50,25.0,900.0,0.0,HI,70.0,RAMPING
2026-09-05 07:38:31,744.2,1,375.00,370.7280,-4.2720,371.6255,+0.8975,14.87,0.50,25.0,900.0,0.0,HI,70.0,RAMPING
2026-09-05 07:38:32,745.7,1,375.00,370.7375,-4.2625,371.6372,+0.8997,14.93,0.50,25.0,900.0,0.0,HI,70.0,RAMPING
2026-09-05 07:38:34,747.1,1,375.00,370.7473,-4.2527,371.6488,+0.9015,14.88,0.50,25.0,900.0,0.0,HI,70.0,RAMPING
2026-09-05 07:38:35,748.5,1,375.00,370.7571,-4.2429,371.6606,+0.9035,14.87,0.50,25.0,900.0,0.0,HI,70.0,RAMPING
2026-09-05 07:38:36,749.9,1,375.00,370.7670,-4.2330,371.6722,+0.9052,14.90,0.50,25.0,900.0,0.0,HI,70.0,RAMPING
2026-09-05 07:38:38,751.3,1,375.00,370.7761,-4.2239,371.6839,+0.9078,14.94,0.50,25.0,900.0,0.0,HI,70.0,RAMPING
2026-09-05 07:38:39,752.7,1,375.00,370.7854,-4.2146,371.6956,+0.9102,14.90,0.50,25.0,900.0,0.0,HI,70.0,RAMPING
2026-09-05 07:38:41,754.1,1,375.00,370.7954,-4.2046,371.7073,+0.9119,14.93,0.50,25.0,900.0,0.0,HI,70.0,RAMPING
2026-09-05 07:38:42,755.5,1,375.00,370.8054,-4.1946,371.7190,+0.9136,14.85,0.50,25.0,900.0,0.0,HI,70.0,RAMPING
2026-09-05 07:38:43,756.9,1,375.00,370.8157,-4.1843,371.7307,+0.9150,14.88,0.50,25.0,900.0,0.0,HI,70.0,RAMPING
2026-09-05 07:38:45,758.3,1,375.00,370.8254,-4.1746,371.7424,+0.9170,14.89,0.50,25.0,900.0,0.0,HI,70.0,RAMPING
2026-09-05 07:38:46,759.7,1,375.00,370.8355,-4.1645,371.7541,+0.9186,14.93,0.50,25.0,900.0,0.0,HI,70.0,RAMPING
2026-09-05 07:38:48,761.1,1,375.00,370.8451,-4.1549,371.7658,+0.9207,14.89,0.50,25.0,900.0,0.0,HI,70.0,RAMPING
2026-09-05 07:38:49,762.5,1,375.00,370.8543,-4.1457,371.7775,+0.9232,14.93,0.50,25.0,900.0,0.0,HI,70.0,RAMPING
2026-09-05 07:38:50,763.9,1,375.00,370.8639,-4.1361,371.7892,+0.9253,14.89,0.50,25.0,900.0,0.0,HI,70.0,RAMPING
2026-09-05 07:38:52,765.3,1,375.00,370.8735,-4.1265,371.8009,+0.9274,14.90,0.50,25.0,900.0,0.0,HI,70.0,RAMPING
2026-09-05 07:38:53,766.7,1,375.00,370.8837,-4.1163,371.8126,+0.9289,14.91,0.50,25.0,900.0,0.0,HI,70.0,RAMPING
2026-09-05 07:38:55,768.1,1,375.00,370.8934,-4.1066,371.8243,+0.9309,14.82,0.50,25.0,900.0,0.0,HI,70.0,RAMPING
2026-09-05 07:38:56,769.5,1,375.00,370.9037,-4.0963,371.8360,+0.9323,14.91,0.50,25.0,900.0,0.0,HI,70.0,RAMPING
2026-09-05 07:38:57,770.9,1,375.00,370.9134,-4.0866,371.8477,+0.9343,14.87,0.50,25.0,900.0,0.0,HI,70.0,RAMPING
2026-09-05 07:38:59,772.3,1,375.00,370.9235,-4.0765,371.8594,+0.9359,14.88,0.50,25.0,900.0,0.0,HI,70.0,RAMPING
2026-09-05 07:39:00,773.7,1,375.00,370.9326,-4.0674,371.8711,+0.9385,14.93,0.50,25.0,900.0,0.0,HI,70.0,RAMPING
2026-09-05 07:39:02,775.1,1,375.00,370.9422,-4.0578,371.8828,+0.9406,14.83,0.50,25.0,900.0,0.0,HI,70.0,RAMPING
2026-09-05 07:39:03,776.5,1,375.00,370.9518,-4.0482,371.8945,+0.9427,14.95,0.50,25.0,900.0,0.0,HI,70.0,RAMPING
2026-09-05 07:39:04,777.9,1,375.00,370.9612,-4.0388,371.9062,+0.9450,14.96,0.50,25.0,900.0,0.0,HI,70.0,RAMPING
2026-09-05 07:39:06,779.3,1,375.00,370.9712,-4.0288,371.9179,+0.9467,14.92,0.50,25.0,900.0,0.0,HI,70.0,RAMPING
2026-09-05 07:39:07,780.7,1,375.00,370.9806,-4.0194,371.9296,+0.9490,14.92,0.50,25.0,900.0,0.0,HI,70.0,RAMPING
2026-09-05 07:39:09,782.1,1,375.00,370.9901,-4.0099,371.9413,+0.9512,14.95,0.50,25.0,900.0,0.0,HI,70.0,RAMPING
2026-09-05 07:39:10,783.6,1,375.00,370.9998,-4.0002,371.9530,+0.9532,14.91,0.50,25.0,900.0,0.0,HI,70.0,RAMPING
2026-09-05 07:39:11,785.0,1,375.00,371.0094,-3.9906,371.9647,+0.9553,14.94,0.50,25.0,900.0,0.0,HI,70.0,RAMPING
2026-09-05 07:39:13,786.4,1,375.00,371.0193,-3.9807,371.9764,+0.9571,14.93,0.50,25.0,900.0,0.0,HI,70.0,RAMPING
2026-09-05 07:39:14,787.8,1,375.00,371.0293,-3.9707,371.9881,+0.9588,14.90,0.50,25.0,900.0,0.0,HI,70.0,RAMPING
2026-09-05 07:39:16,789.2,1,375.00,371.0389,-3.9611,371.9998,+0.9609,14.89,0.50,25.0,900.0,0.0,HI,70.0,RAMPING
2026-09-05 07:39:17,790.6,1,375.00,371.0489,-3.9511,372.0115,+0.9626,14.91,0.50,25.0,900.0,0.0,HI,70.0,RAMPING
2026-09-05 07:39:18,792.0,1,375.00,371.0594,-3.9406,372.0232,+0.9638,14.92,0.50,25.0,900.0,0.0,HI,70.0,RAMPING
2026-09-05 07:39:20,793.4,1,375.00,371.0685,-3.9315,372.0349,+0.9664,14.95,0.50,25.0,900.0,0.0,HI,70.0,RAMPING
2026-09-05 07:39:21,794.8,1,375.00,371.0779,-3.9221,372.0466,+0.9687,14.94,0.50,25.0,900.0,0.0,HI,70.0,RAMPING
2026-09-05 07:39:23,796.2,1,375.00,371.0870,-3.9130,372.0583,+0.9713,14.98,0.50,25.0,900.0,0.0,HI,70.0,RAMPING
2026-09-05 07:39:24,797.6,1,375.00,371.0961,-3.9039,372.0700,+0.9739,15.02,0.50,25.0,900.0,0.0,HI,70.0,RAMPING
2026-09-05 07:39:26,799.0,1,375.00,371.1052,-3.8948,372.0817,+0.9765,15.03,0.50,25.0,900.0,0.0,HI,70.0,RAMPING
2026-09-05 07:39:27,800.4,1,375.00,371.1143,-3.8857,372.0934,+0.9791,15.00,0.50,25.0,900.0,0.0,HI,70.0,RAMPING
2026-09-05 07:39:28,801.8,1,375.00,371.1242,-3.8758,372.1051,+0.9809,14.96,0.50,25.0,900.0,0.0,HI,70.0,RAMPING
2026-09-05 07:39:30,803.2,1,375.00,371.1345,-3.8655,372.1168,+0.9823,14.93,0.50,25.0,900.0,0.0,HI,70.0,RAMPING
2026-09-05 07:39:31,804.6,1,375.00,371.1447,-3.8553,372.1285,+0.9838,14.90,0.50,25.0,900.0,0.0,HI,70.0,RAMPING
2026-09-05 07:39:33,806.0,1,375.00,371.1549,-3.8451,372.1402,+0.9853,14.95,0.50,25.0,900.0,0.0,HI,70.0,RAMPING
2026-09-05 07:39:34,807.4,1,375.00,371.1648,-3.8352,372.1519,+0.9871,14.92,0.50,25.0,900.0,0.0,HI,70.0,RAMPING
2026-09-05 07:39:35,808.8,1,375.00,371.1750,-3.8250,372.1636,+0.9886,14.87,0.50,25.0,900.0,0.0,HI,70.0,RAMPING
2026-09-05 07:39:37,810.2,1,375.00,371.1848,-3.8152,372.1753,+0.9905,14.94,0.50,25.0,900.0,0.0,HI,70.0,RAMPING
2026-09-05 07:39:38,811.6,1,375.00,371.1952,-3.8048,372.1870,+0.9918,14.92,0.50,25.0,900.0,0.0,HI,70.0,RAMPING
2026-09-05 07:39:40,813.0,1,375.00,371.2050,-3.7950,372.1987,+0.9937,14.89,0.50,25.0,900.0,0.0,HI,70.0,RAMPING
2026-09-05 07:39:41,814.4,1,375.00,371.2145,-3.7855,372.2104,+0.9959,14.96,0.50,25.0,900.0,0.0,HI,70.0,RAMPING
2026-09-05 07:39:42,815.8,1,375.00,371.2238,-3.7762,372.2221,+0.9983,14.91,0.50,25.0,900.0,0.0,HI,70.0,RAMPING
2026-09-05 07:39:44,817.2,1,375.00,371.2335,-3.7665,372.2338,+1.0003,14.94,0.50,25.0,900.0,0.0,HI,70.0,RAMPING
2026-09-05 07:39:45,818.6,1,375.00,371.2433,-3.7567,372.2455,+1.0022,14.95,0.50,25.0,900.0,0.0,HI,70.0,RAMPING
2026-09-05 07:39:47,820.1,1,375.00,371.2530,-3.7470,372.2572,+1.0042,14.90,0.50,25.0,900.0,0.0,HI,70.0,RAMPING
2026-09-05 07:39:48,821.5,1,375.00,371.2631,-3.7369,372.2689,+1.0058,14.96,0.50,25.0,900.0,0.0,HI,70.0,RAMPING
2026-09-05 07:39:49,822.9,1,375.00,371.2723,-3.7277,372.2806,+1.0083,14.96,0.50,25.0,900.0,0.0,HI,70.0,RAMPING
2026-09-05 07:39:51,824.3,1,375.00,371.2829,-3.7171,372.2923,+1.0094,14.87,0.50,25.0,900.0,0.0,HI,70.0,RAMPING
2026-09-05 07:39:52,825.7,1,375.00,371.2928,-3.7072,372.3040,+1.0112,14.90,0.50,25.0,900.0,0.0,HI,70.0,RAMPING
2026-09-05 07:39:54,827.1,1,375.00,371.3026,-3.6974,372.3157,+1.0131,14.90,0.50,25.0,900.0,0.0,HI,70.0,RAMPING
2026-09-05 07:39:55,828.5,1,375.00,371.3122,-3.6878,372.3274,+1.0152,14.93,0.50,25.0,900.0,0.0,HI,70.0,RAMPING
2026-09-05 07:39:56,829.9,1,375.00,371.3214,-3.6786,372.3391,+1.0177,14.99,0.50,25.0,900.0,0.0,HI,70.0,RAMPING
2026-09-05 07:39:58,831.3,1,375.00,371.3316,-3.6684,372.3508,+1.0192,14.92,0.50,25.0,900.0,0.0,HI,70.0,RAMPING
2026-09-05 07:39:59,832.7,1,375.00,371.3415,-3.6585,372.3625,+1.0210,14.93,0.50,25.0,900.0,0.0,HI,70.0,RAMPING
2026-09-05 07:40:01,834.1,1,375.00,371.3504,-3.6496,372.3742,+1.0238,14.88,0.50,25.0,900.0,0.0,HI,70.0,RAMPING
2026-09-05 07:40:02,835.5,1,375.00,371.3614,-3.6386,372.3859,+1.0245,14.86,0.50,25.0,900.0,0.0,HI,70.0,RAMPING
2026-09-05 07:40:03,836.9,1,375.00,371.3714,-3.6286,372.3976,+1.0262,14.81,0.50,25.0,900.0,0.0,HI,70.0,RAMPING
2026-09-05 07:40:05,838.3,1,375.00,371.3823,-3.6177,372.4093,+1.0270,14.84,0.50,25.0,900.0,0.0,HI,70.0,RAMPING
2026-09-05 07:40:06,839.7,1,375.00,371.3927,-3.6073,372.4210,+1.0283,14.80,0.50,25.0,900.0,0.0,HI,70.0,RAMPING
2026-09-05 07:40:08,841.1,1,375.00,371.4028,-3.5972,372.4327,+1.0299,14.83,0.50,25.0,900.0,0.0,HI,70.0,RAMPING
2026-09-05 07:40:09,842.5,1,375.00,371.4125,-3.5875,372.4444,+1.0319,14.84,0.50,25.0,900.0,0.0,HI,70.0,RAMPING
2026-09-05 07:40:10,843.9,1,375.00,371.4220,-3.5780,372.4561,+1.0341,14.89,0.50,25.0,900.0,0.0,HI,70.0,RAMPING
2026-09-05 07:40:12,845.3,1,375.00,371.4319,-3.5681,372.4678,+1.0359,14.82,0.50,25.0,900.0,0.0,HI,70.0,RAMPING
2026-09-05 07:40:13,846.7,1,375.00,371.4413,-3.5587,372.4795,+1.0382,14.85,0.50,25.0,900.0,0.0,HI,70.0,RAMPING
2026-09-05 07:40:15,848.1,1,375.00,371.4510,-3.5490,372.4912,+1.0402,14.86,0.50,25.0,900.0,0.0,HI,70.0,RAMPING
2026-09-05 07:40:16,849.5,1,375.00,371.4607,-3.5393,372.5029,+1.0422,14.83,0.50,25.0,900.0,0.0,HI,70.0,RAMPING
2026-09-05 07:40:17,850.9,1,375.00,371.4707,-3.5293,372.5146,+1.0439,14.92,0.50,25.0,900.0,0.0,HI,70.0,RAMPING
2026-09-05 07:40:19,852.3,1,375.00,371.4804,-3.5196,372.5263,+1.0459,14.80,0.50,25.0,900.0,0.0,HI,70.0,RAMPING
2026-09-05 07:40:20,853.7,1,375.00,371.4901,-3.5099,372.5380,+1.0479,14.87,0.50,25.0,900.0,0.0,HI,70.0,RAMPING
2026-09-05 07:40:22,855.2,1,375.00,371.4992,-3.5008,372.5497,+1.0505,14.93,0.50,25.0,900.0,0.0,HI,70.0,RAMPING
2026-09-05 07:40:23,856.6,1,375.00,371.5080,-3.4920,372.5614,+1.0534,14.96,0.50,25.0,900.0,0.0,HI,70.0,RAMPING
2026-09-05 07:40:24,858.0,1,375.00,371.5179,-3.4821,372.5731,+1.0552,14.92,0.50,25.0,900.0,0.0,HI,70.0,RAMPING
2026-09-05 07:40:26,859.4,1,375.00,371.5272,-3.4728,372.5848,+1.0576,14.98,0.50,25.0,900.0,0.0,HI,70.0,RAMPING
2026-09-05 07:40:27,860.8,1,375.00,371.5360,-3.4640,372.5965,+1.0605,14.93,0.50,25.0,900.0,0.0,HI,70.0,RAMPING
2026-09-05 07:40:29,862.2,1,375.00,371.5455,-3.4545,372.6082,+1.0627,14.97,0.50,25.0,900.0,0.0,HI,70.0,RAMPING
2026-09-05 07:40:30,863.6,1,375.00,371.5558,-3.4442,372.6199,+1.0641,14.95,0.50,25.0,900.0,0.0,HI,70.0,RAMPING
2026-09-05 07:40:32,865.0,1,375.00,371.5654,-3.4346,372.6316,+1.0662,14.92,0.50,25.0,900.0,0.0,HI,70.0,RAMPING
2026-09-05 07:40:33,866.4,1,375.00,371.5749,-3.4251,372.6433,+1.0684,14.97,0.50,25.0,900.0,0.0,HI,70.0,RAMPING
2026-09-05 07:40:34,867.8,1,375.00,371.5841,-3.4159,372.6550,+1.0709,14.97,0.50,25.0,900.0,0.0,HI,70.0,RAMPING
2026-09-05 07:40:36,869.2,1,375.00,371.5936,-3.4064,372.6667,+1.0731,14.97,0.50,25.0,900.0,0.0,HI,70.0,RAMPING
2026-09-05 07:40:37,870.6,1,375.00,371.6032,-3.3968,372.6784,+1.0752,14.99,0.50,25.0,900.0,0.0,HI,70.0,RAMPING
2026-09-05 07:40:39,872.0,1,375.00,371.6129,-3.3871,372.6901,+1.0772,14.97,0.50,25.0,900.0,0.0,HI,70.0,RAMPING
2026-09-05 07:40:40,873.4,1,375.00,371.6226,-3.3774,372.7018,+1.0792,14.90,0.50,25.0,900.0,0.0,HI,70.0,RAMPING
2026-09-05 07:40:41,874.8,1,375.00,371.6327,-3.3673,372.7134,+1.0807,14.94,0.50,25.0,900.0,0.0,HI,70.0,RAMPING
2026-09-05 07:40:43,876.2,1,375.00,371.6429,-3.3571,372.7252,+1.0823,14.92,0.50,25.0,900.0,0.0,HI,70.0,RAMPING
2026-09-05 07:40:44,877.6,1,375.00,371.6534,-3.3466,372.7368,+1.0834,14.92,0.50,25.0,900.0,0.0,HI,70.0,RAMPING
2026-09-05 07:40:46,879.0,1,375.00,371.6631,-3.3369,372.7486,+1.0855,14.94,0.50,25.0,900.0,0.0,HI,70.0,RAMPING
2026-09-05 07:40:47,880.4,1,375.00,371.6727,-3.3273,372.7603,+1.0876,14.94,0.50,25.0,900.0,0.0,HI,70.0,RAMPING
2026-09-05 07:40:48,881.8,1,375.00,371.6822,-3.3178,372.7720,+1.0898,15.00,0.50,25.0,900.0,0.0,HI,70.0,RAMPING
2026-09-05 07:40:50,883.2,1,375.00,371.6912,-3.3088,372.7836,+1.0924,15.06,0.50,25.0,900.0,0.0,HI,70.0,RAMPING
2026-09-05 07:40:51,884.6,1,375.00,371.6994,-3.3006,372.7953,+1.0959,15.12,0.50,25.0,900.0,0.0,HI,70.0,RAMPING
2026-09-05 07:40:53,886.0,1,375.00,371.7078,-3.2922,372.8070,+1.0992,15.09,0.50,25.0,900.0,0.0,HI,70.0,RAMPING
2026-09-05 07:40:54,887.4,1,375.00,371.7169,-3.2831,372.8187,+1.1018,15.04,0.50,25.0,900.0,0.0,HI,70.0,RAMPING
2026-09-05 07:40:55,888.8,1,375.00,371.7266,-3.2734,372.8304,+1.1038,15.01,0.50,25.0,900.0,0.0,HI,70.0,RAMPING
2026-09-05 07:40:57,890.2,1,375.00,371.7371,-3.2629,372.8421,+1.1050,15.02,0.50,25.0,900.0,0.0,HI,70.0,RAMPING
2026-09-05 07:40:58,891.7,1,375.00,371.7469,-3.2531,372.8538,+1.1069,15.04,0.50,25.0,900.0,0.0,HI,70.0,RAMPING
2026-09-05 07:41:00,893.1,1,375.00,371.7571,-3.2429,372.8655,+1.1084,14.97,0.50,25.0,900.0,0.0,HI,70.0,RAMPING
2026-09-05 07:41:01,894.5,1,375.00,371.7670,-3.2330,372.8772,+1.1102,15.02,0.50,25.0,900.0,0.0,HI,70.0,RAMPING
2026-09-05 07:41:02,895.9,1,375.00,371.7767,-3.2233,372.8889,+1.1122,15.05,0.50,25.0,900.0,0.0,HI,70.0,RAMPING
2026-09-05 07:41:04,897.3,1,375.00,371.7862,-3.2138,372.9006,+1.1144,15.04,0.50,25.0,900.0,0.0,HI,70.0,RAMPING
2026-09-05 07:41:05,898.7,1,375.00,371.7959,-3.2041,372.9123,+1.1164,15.01,0.50,25.0,900.0,0.0,HI,70.0,RAMPING
2026-09-05 07:41:07,900.1,1,375.00,371.8056,-3.1944,372.9240,+1.1184,15.04,0.50,25.0,900.0,0.0,HI,70.0,RAMPING
2026-09-05 07:41:08,901.5,1,375.00,371.8148,-3.1852,372.9357,+1.1209,15.05,0.50,25.0,900.0,0.0,HI,70.0,RAMPING
2026-09-05 07:41:09,902.9,1,375.00,371.8253,-3.1747,372.9474,+1.1221,15.03,0.50,25.0,900.0,0.0,HI,70.0,RAMPING
2026-09-05 07:41:11,904.3,1,375.00,371.8354,-3.1646,372.9591,+1.1237,15.00,0.50,25.0,900.0,0.0,HI,70.0,RAMPING
2026-09-05 07:41:12,905.7,1,375.00,371.8451,-3.1549,372.9708,+1.1257,15.02,0.50,25.0,900.0,0.0,HI,70.0,RAMPING
2026-09-05 07:41:14,907.1,1,375.00,371.8544,-3.1456,372.9825,+1.1281,15.02,0.50,25.0,900.0,0.0,HI,70.0,RAMPING
2026-09-05 07:41:15,908.5,1,375.00,371.8643,-3.1357,372.9942,+1.1299,15.03,0.50,25.0,900.0,0.0,HI,70.0,RAMPING
2026-09-05 07:41:16,909.9,1,375.00,371.8744,-3.1256,373.0059,+1.1315,15.04,0.50,25.0,900.0,0.0,HI,70.0,RAMPING
2026-09-05 07:41:18,911.3,1,375.00,371.8834,-3.1166,373.0176,+1.1342,15.07,0.50,25.0,900.0,0.0,HI,70.0,RAMPING
2026-09-05 07:41:19,912.7,1,375.00,371.8929,-3.1071,373.0293,+1.1364,15.09,0.50,25.0,900.0,0.0,HI,70.0,RAMPING
2026-09-05 07:41:21,914.1,1,375.00,371.9022,-3.0978,373.0410,+1.1388,15.08,0.50,25.0,900.0,0.0,HI,70.0,RAMPING
2026-09-05 07:41:22,915.5,1,375.00,371.9124,-3.0876,373.0527,+1.1403,15.02,0.50,25.0,900.0,0.0,HI,70.0,RAMPING
2026-09-05 07:41:23,916.9,1,375.00,371.9221,-3.0779,373.0644,+1.1423,15.03,0.50,25.0,900.0,0.0,HI,70.0,RAMPING
2026-09-05 07:41:25,918.3,1,375.00,371.9323,-3.0677,373.0761,+1.1438,15.02,0.50,25.0,900.0,0.0,HI,70.0,RAMPING
2026-09-05 07:41:26,919.7,1,375.00,371.9426,-3.0574,373.0878,+1.1452,15.02,0.50,25.0,900.0,0.0,HI,70.0,RAMPING
2026-09-05 07:41:28,921.1,1,375.00,371.9525,-3.0475,373.0995,+1.1470,14.98,0.50,25.0,900.0,0.0,HI,70.0,RAMPING
2026-09-05 07:41:29,922.5,1,375.00,371.9629,-3.0371,373.1112,+1.1483,15.03,0.50,25.0,900.0,0.0,HI,70.0,RAMPING
2026-09-05 07:41:30,923.9,1,375.00,371.9728,-3.0272,373.1229,+1.1501,15.02,0.50,25.0,900.0,0.0,HI,70.0,RAMPING
2026-09-05 07:41:32,925.3,1,375.00,371.9825,-3.0175,373.1346,+1.1521,14.97,0.50,25.0,900.0,0.0,HI,70.0,RAMPING
2026-09-05 07:41:33,926.7,1,375.00,371.9922,-3.0078,373.1463,+1.1541,15.03,0.50,25.0,900.0,0.0,HI,70.0,RAMPING
2026-09-05 07:41:35,928.1,1,375.00,372.0015,-2.9985,373.1580,+1.1565,15.07,0.50,25.0,900.0,0.0,HI,70.0,RAMPING
2026-09-05 07:41:36,929.6,1,375.00,372.0108,-2.9892,373.1697,+1.1589,15.08,0.50,25.0,900.0,0.0,HI,70.0,RAMPING
2026-09-05 07:41:37,931.0,1,375.00,372.0201,-2.9799,373.1814,+1.1613,15.06,0.50,25.0,900.0,0.0,HI,70.0,RAMPING
2026-09-05 07:41:39,932.4,1,375.00,372.0298,-2.9702,373.1931,+1.1633,15.01,0.50,25.0,900.0,0.0,HI,70.0,RAMPING
2026-09-05 07:41:40,933.8,1,375.00,372.0397,-2.9603,373.2048,+1.1651,15.04,0.50,25.0,900.0,0.0,HI,70.0,RAMPING
2026-09-05 07:41:42,935.2,1,375.00,372.0506,-2.9494,373.2165,+1.1659,14.99,0.50,25.0,900.0,0.0,HI,70.0,RAMPING
2026-09-05 07:41:43,936.6,1,375.00,372.0604,-2.9396,373.2282,+1.1678,15.04,0.50,25.0,900.0,0.0,HI,70.0,RAMPING
2026-09-05 07:41:44,938.0,1,375.00,372.0699,-2.9301,373.2399,+1.1700,15.04,0.50,25.0,900.0,0.0,HI,70.0,RAMPING
2026-09-05 07:41:46,939.4,1,375.00,372.0790,-2.9210,373.2516,+1.1726,15.10,0.50,25.0,900.0,0.0,HI,70.0,RAMPING
2026-09-05 07:41:47,940.8,1,375.00,372.0881,-2.9119,373.2633,+1.1752,15.13,0.50,25.0,900.0,0.0,HI,70.0,RAMPING
2026-09-05 07:41:49,942.2,1,375.00,372.0976,-2.9024,373.2750,+1.1774,15.12,0.50,25.0,900.0,0.0,HI,70.0,RAMPING
2026-09-05 07:41:50,943.6,1,375.00,372.1067,-2.8933,373.2867,+1.1800,15.12,0.50,25.0,900.0,0.0,HI,70.0,RAMPING
2026-09-05 07:41:52,945.0,1,375.00,372.1156,-2.8844,373.2984,+1.1828,15.13,0.50,25.0,900.0,0.0,HI,70.0,RAMPING
2026-09-05 07:41:53,946.4,1,375.00,372.1255,-2.8745,373.3101,+1.1846,15.06,0.50,25.0,900.0,0.0,HI,70.0,RAMPING
2026-09-05 07:41:54,947.8,1,375.00,372.1349,-2.8651,373.3218,+1.1869,15.14,0.50,25.0,900.0,0.0,HI,70.0,RAMPING
2026-09-05 07:41:56,949.2,1,375.00,372.1450,-2.8550,373.3335,+1.1885,15.11,0.50,25.0,900.0,0.0,HI,70.0,RAMPING
2026-09-05 07:41:57,950.6,1,375.00,372.1546,-2.8454,373.3452,+1.1906,15.12,0.50,25.0,900.0,0.0,HI,70.0,RAMPING
2026-09-05 07:41:59,952.0,1,375.00,372.1640,-2.8360,373.3569,+1.1929,15.13,0.50,25.0,900.0,0.0,HI,70.0,RAMPING
2026-09-05 07:42:00,953.4,1,375.00,372.1737,-2.8263,373.3686,+1.1949,15.08,0.50,25.0,900.0,0.0,HI,70.0,RAMPING
2026-09-05 07:42:01,954.8,1,375.00,372.1845,-2.8155,373.3803,+1.1958,15.10,0.50,25.0,900.0,0.0,HI,70.0,RAMPING
2026-09-05 07:42:03,956.2,1,375.00,372.1942,-2.8058,373.3920,+1.1978,15.11,0.50,25.0,900.0,0.0,HI,70.0,RAMPING
2026-09-05 07:42:04,957.6,1,375.00,372.2043,-2.7957,373.4037,+1.1994,15.03,0.50,25.0,900.0,0.0,HI,70.0,RAMPING
2026-09-05 07:42:06,959.0,1,375.00,372.2144,-2.7856,373.4154,+1.2010,15.06,0.50,25.0,900.0,0.0,HI,70.0,RAMPING
2026-09-05 07:42:07,960.4,1,375.00,372.2240,-2.7760,373.4271,+1.2031,15.08,0.50,25.0,900.0,0.0,HI,70.0,RAMPING
2026-09-05 07:42:08,961.8,1,375.00,372.2345,-2.7655,373.4388,+1.2043,15.07,0.50,25.0,900.0,0.0,HI,70.0,RAMPING
2026-09-05 07:42:10,963.2,1,375.00,372.2439,-2.7561,373.4505,+1.2066,15.10,0.50,25.0,900.0,0.0,HI,70.0,RAMPING
2026-09-05 07:42:11,964.7,1,375.00,372.2534,-2.7466,373.4622,+1.2088,15.09,0.50,25.0,900.0,0.0,HI,70.0,RAMPING
2026-09-05 07:42:13,966.1,1,375.00,372.2633,-2.7367,373.4739,+1.2106,15.04,0.50,25.0,900.0,0.0,HI,70.0,RAMPING
2026-09-05 07:42:14,967.5,1,375.00,372.2734,-2.7266,373.4856,+1.2122,15.04,0.50,25.0,900.0,0.0,HI,70.0,RAMPING
2026-09-05 07:42:15,968.9,1,375.00,372.2838,-2.7162,373.4973,+1.2135,15.08,0.50,25.0,900.0,0.0,HI,70.0,RAMPING
2026-09-05 07:42:17,970.3,1,375.00,372.2928,-2.7072,373.5089,+1.2161,15.09,0.50,25.0,900.0,0.0,HI,70.0,RAMPING
2026-09-05 07:42:18,971.7,1,375.00,372.3020,-2.6980,373.5206,+1.2186,15.10,0.50,25.0,900.0,0.0,HI,70.0,RAMPING
2026-09-05 07:42:20,973.1,1,375.00,372.3115,-2.6885,373.5323,+1.2208,15.06,0.50,25.0,900.0,0.0,HI,70.0,RAMPING
2026-09-05 07:42:21,974.5,1,375.00,372.3222,-2.6778,373.5440,+1.2218,15.00,0.50,25.0,900.0,0.0,HI,70.0,RAMPING
2026-09-05 07:42:22,975.9,1,375.00,372.3326,-2.6674,373.5557,+1.2231,15.01,0.50,25.0,900.0,0.0,HI,70.0,RAMPING
2026-09-05 07:42:24,977.3,1,375.00,372.3423,-2.6577,373.5674,+1.2251,15.00,0.50,25.0,900.0,0.0,HI,70.0,RAMPING
2026-09-05 07:42:25,978.7,1,375.00,372.3528,-2.6472,373.5791,+1.2263,14.98,0.50,25.0,900.0,0.0,HI,70.0,RAMPING
2026-09-05 07:42:27,980.1,1,375.00,372.3636,-2.6364,373.5908,+1.2272,14.96,0.50,25.0,900.0,0.0,HI,70.0,RAMPING
2026-09-05 07:42:28,981.5,1,375.00,372.3742,-2.6258,373.6025,+1.2283,15.02,0.50,25.0,900.0,0.0,HI,70.0,RAMPING
2026-09-05 07:42:29,982.9,1,375.00,372.3843,-2.6157,373.6142,+1.2299,14.97,0.50,25.0,900.0,0.0,HI,70.0,RAMPING
2026-09-05 07:42:31,984.3,1,375.00,372.3944,-2.6056,373.6259,+1.2315,14.95,0.50,25.0,900.0,0.0,HI,70.0,RAMPING
2026-09-05 07:42:32,985.7,1,375.00,372.4039,-2.5961,373.6376,+1.2337,15.01,0.50,25.0,900.0,0.0,HI,70.0,RAMPING
2026-09-05 07:42:34,987.1,1,375.00,372.4139,-2.5861,373.6493,+1.2354,14.69,0.50,25.0,900.0,0.0,HI,70.0,RAMPING
2026-09-05 07:42:35,988.5,1,375.00,372.4288,-2.5712,373.6610,+1.2322,14.59,0.50,25.0,900.0,0.0,HI,70.0,RAMPING
2026-09-05 07:42:36,989.9,1,375.00,372.4413,-2.5587,373.6727,+1.2314,14.77,0.50,25.0,900.0,0.0,HI,70.0,RAMPING
2026-09-05 07:42:38,991.3,1,375.00,372.4516,-2.5484,373.6844,+1.2328,14.73,0.50,25.0,900.0,0.0,HI,70.0,RAMPING
2026-09-05 07:42:39,992.7,1,375.00,372.4617,-2.5383,373.6961,+1.2344,14.73,0.50,25.0,900.0,0.0,HI,70.0,RAMPING
2026-09-05 07:42:41,994.1,1,375.00,372.4712,-2.5288,373.7078,+1.2366,14.86,0.50,25.0,900.0,0.0,HI,70.0,RAMPING
2026-09-05 07:42:42,995.5,1,375.00,372.4803,-2.5197,373.7195,+1.2392,14.82,0.50,25.0,900.0,0.0,HI,70.0,RAMPING
2026-09-05 07:42:43,996.9,1,375.00,372.4893,-2.5107,373.7312,+1.2419,14.78,0.50,25.0,900.0,0.0,HI,70.0,RAMPING
2026-09-05 07:42:45,998.3,1,375.00,372.4990,-2.5010,373.7429,+1.2439,14.83,0.50,25.0,900.0,0.0,HI,70.0,RAMPING
2026-09-05 07:42:46,999.7,1,375.00,372.5089,-2.4911,373.7546,+1.2457,14.81,0.50,25.0,900.0,0.0,HI,70.0,RAMPING
2026-09-05 07:42:48,1001.2,1,375.00,372.5190,-2.4810,373.7663,+1.2473,14.81,0.50,25.0,900.0,0.0,HI,70.0,RAMPING
2026-09-05 07:42:49,1002.6,1,375.00,372.5283,-2.4717,373.7780,+1.2497,14.84,0.50,25.0,900.0,0.0,HI,70.0,RAMPING
2026-09-05 07:42:50,1004.0,1,375.00,372.5377,-2.4623,373.7897,+1.2520,14.82,0.50,25.0,900.0,0.0,HI,70.0,RAMPING
2026-09-05 07:42:52,1005.4,1,375.00,372.5472,-2.4528,373.8014,+1.2542,14.80,0.50,25.0,900.0,0.0,HI,70.0,RAMPING
2026-09-05 07:42:53,1006.8,1,375.00,372.5566,-2.4434,373.8131,+1.2565,14.86,0.50,25.0,900.0,0.0,HI,70.0,RAMPING
2026-09-05 07:42:55,1008.2,1,375.00,372.5661,-2.4339,373.8248,+1.2587,14.88,0.50,25.0,900.0,0.0,HI,70.0,RAMPING
2026-09-05 07:42:56,1009.6,1,375.00,372.5752,-2.4248,373.8365,+1.2613,14.92,0.50,25.0,900.0,0.0,HI,70.0,RAMPING
2026-09-05 07:42:57,1011.0,1,375.00,372.5843,-2.4157,373.8482,+1.2639,14.91,0.50,25.0,900.0,0.0,HI,70.0,RAMPING
2026-09-05 07:42:59,1012.4,1,375.00,372.5933,-2.4067,373.8599,+1.2666,14.95,0.50,25.0,900.0,0.0,HI,70.0,RAMPING
2026-09-05 07:43:00,1013.8,1,375.00,372.6027,-2.3973,373.8716,+1.2689,14.95,0.50,25.0,900.0,0.0,HI,70.0,RAMPING
2026-09-05 07:43:02,1015.2,1,375.00,372.6121,-2.3879,373.8833,+1.2712,14.96,0.50,25.0,900.0,0.0,HI,70.0,RAMPING
2026-09-05 07:43:03,1016.6,1,375.00,372.6212,-2.3788,373.8950,+1.2738,14.99,0.50,25.0,900.0,0.0,HI,70.0,RAMPING
2026-09-05 07:43:05,1018.0,1,375.00,372.6302,-2.3698,373.9067,+1.2765,15.01,0.50,25.0,900.0,0.0,HI,70.0,RAMPING
2026-09-05 07:43:06,1019.4,1,375.00,372.6395,-2.3605,373.9184,+1.2789,14.96,0.50,25.0,900.0,0.0,HI,70.0,RAMPING
2026-09-05 07:43:07,1020.8,1,375.00,372.6493,-2.3507,373.9301,+1.2808,15.02,0.50,25.0,900.0,0.0,HI,70.0,RAMPING
2026-09-05 07:43:09,1022.2,1,375.00,372.6586,-2.3414,373.9418,+1.2832,14.97,0.50,25.0,900.0,0.0,HI,70.0,RAMPING
2026-09-05 07:43:10,1023.6,1,375.00,372.6677,-2.3323,373.9535,+1.2858,15.03,0.50,25.0,900.0,0.0,HI,70.0,RAMPING
2026-09-05 07:43:12,1025.0,1,375.00,372.6770,-2.3230,373.9652,+1.2882,15.02,0.50,25.0,900.0,0.0,HI,70.0,RAMPING
2026-09-05 07:43:13,1026.4,1,375.00,372.6872,-2.3128,373.9769,+1.2897,15.03,0.50,25.0,900.0,0.0,HI,70.0,RAMPING
2026-09-05 07:43:14,1027.8,1,375.00,372.6971,-2.3029,373.9886,+1.2915,14.97,0.50,25.0,900.0,0.0,HI,70.0,RAMPING
2026-09-05 07:43:16,1029.2,1,375.00,372.7066,-2.2934,374.0003,+1.2937,14.98,0.50,25.0,900.0,0.0,HI,70.0,RAMPING
2026-09-05 07:43:17,1030.6,1,375.00,372.7165,-2.2835,374.0120,+1.2955,14.95,0.50,25.0,900.0,0.0,HI,70.0,RAMPING
2026-09-05 07:43:19,1032.0,1,375.00,372.7266,-2.2734,374.0237,+1.2971,14.98,0.50,25.0,900.0,0.0,HI,70.0,RAMPING
2026-09-05 07:43:20,1033.4,1,375.00,372.7372,-2.2628,374.0354,+1.2982,14.93,0.50,25.0,900.0,0.0,HI,70.0,RAMPING
2026-09-05 07:43:21,1034.8,1,375.00,372.7470,-2.2530,374.0471,+1.3001,14.96,0.50,25.0,900.0,0.0,HI,70.0,RAMPING
2026-09-05 07:43:23,1036.2,1,375.00,372.7574,-2.2426,374.0588,+1.3014,14.94,0.50,25.0,900.0,0.0,HI,70.0,RAMPING
2026-09-05 07:43:24,1037.7,1,375.00,372.7666,-2.2334,374.0705,+1.3039,14.96,0.50,25.0,900.0,0.0,HI,70.0,RAMPING
2026-09-05 07:43:26,1039.1,1,375.00,372.7761,-2.2239,374.0822,+1.3061,14.97,0.50,25.0,900.0,0.0,HI,70.0,RAMPING
2026-09-05 07:43:27,1040.5,1,375.00,372.7868,-2.2132,374.0939,+1.3071,14.92,0.50,25.0,900.0,0.0,HI,70.0,RAMPING
2026-09-05 07:43:28,1041.9,1,375.00,372.7967,-2.2033,374.1056,+1.3089,14.98,0.50,25.0,900.0,0.0,HI,70.0,RAMPING
2026-09-05 07:43:30,1043.3,1,375.00,372.8058,-2.1942,374.1173,+1.3115,14.98,0.50,25.0,900.0,0.0,HI,70.0,RAMPING
2026-09-05 07:43:31,1044.7,1,375.00,372.8149,-2.1851,374.1290,+1.3141,15.01,0.50,25.0,900.0,0.0,HI,70.0,RAMPING
2026-09-05 07:43:33,1046.1,1,375.00,372.8246,-2.1754,374.1407,+1.3161,15.04,0.50,25.0,900.0,0.0,HI,70.0,RAMPING
2026-09-05 07:43:34,1047.5,1,375.00,372.8339,-2.1661,374.1524,+1.3185,14.98,0.50,25.0,900.0,0.0,HI,70.0,RAMPING
2026-09-05 07:43:35,1048.9,1,375.00,372.8434,-2.1566,374.1641,+1.3207,15.00,0.50,25.0,900.0,0.0,HI,70.0,RAMPING
2026-09-05 07:43:37,1050.3,1,375.00,372.8532,-2.1468,374.1758,+1.3226,14.97,0.50,25.0,900.0,0.0,HI,70.0,RAMPING
2026-09-05 07:43:38,1051.7,1,375.00,372.8629,-2.1371,374.1875,+1.3246,15.02,0.50,25.0,900.0,0.0,HI,70.0,RAMPING
2026-09-05 07:43:40,1053.1,1,375.00,372.8728,-2.1272,374.1992,+1.3264,15.05,0.50,25.0,900.0,0.0,HI,70.0,RAMPING
2026-09-05 07:43:41,1054.5,1,375.00,372.8816,-2.1184,374.2109,+1.3293,15.13,0.50,25.0,900.0,0.0,HI,70.0,RAMPING
2026-09-05 07:43:42,1055.9,1,375.00,372.8911,-2.1089,374.2226,+1.3315,15.01,0.50,25.0,900.0,0.0,HI,70.0,RAMPING
2026-09-05 07:43:44,1057.3,1,375.00,372.9009,-2.0991,374.2343,+1.3334,15.04,0.50,25.0,900.0,0.0,HI,70.0,RAMPING
2026-09-05 07:43:45,1058.7,1,375.00,372.9106,-2.0894,374.2460,+1.3354,15.09,0.50,25.0,900.0,0.0,HI,70.0,RAMPING
2026-09-05 07:43:47,1060.1,1,375.00,372.9198,-2.0802,374.2577,+1.3379,15.05,0.50,25.0,900.0,0.0,HI,70.0,RAMPING
2026-09-05 07:43:48,1061.5,1,375.00,372.9294,-2.0706,374.2694,+1.3400,15.07,0.50,25.0,900.0,0.0,HI,70.0,RAMPING
2026-09-05 07:43:49,1062.9,1,375.00,372.9388,-2.0612,374.2811,+1.3423,15.12,0.50,25.0,900.0,0.0,HI,70.0,RAMPING
2026-09-05 07:43:51,1064.3,1,375.00,372.9483,-2.0517,374.2928,+1.3445,15.07,0.50,25.0,900.0,0.0,HI,70.0,RAMPING
2026-09-05 07:43:52,1065.7,1,375.00,372.9583,-2.0417,374.3045,+1.3462,15.06,0.50,25.0,900.0,0.0,HI,70.0,RAMPING
2026-09-05 07:43:54,1067.1,1,375.00,372.9682,-2.0318,374.3162,+1.3480,14.98,0.50,25.0,900.0,0.0,HI,70.0,RAMPING
2026-09-05 07:43:55,1068.5,1,375.00,372.9786,-2.0214,374.3279,+1.3493,15.04,0.50,25.0,900.0,0.0,HI,70.0,RAMPING
2026-09-05 07:43:56,1069.9,1,375.00,372.9883,-2.0117,374.3396,+1.3513,15.07,0.50,25.0,900.0,0.0,HI,70.0,RAMPING
2026-09-05 07:43:58,1071.3,1,375.00,372.9973,-2.0027,374.3513,+1.3540,15.10,0.50,25.0,900.0,0.0,HI,70.0,RAMPING
2026-09-05 07:43:59,1072.7,1,375.00,373.0070,-1.9930,374.3630,+1.3560,15.13,0.50,25.0,900.0,0.0,HI,70.0,RAMPING
2026-09-05 07:44:01,1074.2,1,375.00,373.0168,-1.9832,374.3747,+1.3579,15.04,0.50,25.0,900.0,0.0,HI,70.0,RAMPING
2026-09-05 07:44:02,1075.6,1,375.00,373.0268,-1.9732,374.3864,+1.3596,15.06,0.50,25.0,900.0,0.0,HI,70.0,RAMPING
2026-09-05 07:44:03,1077.0,1,375.00,373.0363,-1.9637,374.3981,+1.3618,15.10,0.50,25.0,900.0,0.0,HI,70.0,RAMPING
2026-09-05 07:44:05,1078.4,1,375.00,373.0458,-1.9542,374.4098,+1.3640,15.08,0.50,25.0,900.0,0.0,HI,70.0,RAMPING
2026-09-05 07:44:06,1079.8,1,375.00,373.0558,-1.9442,374.4215,+1.3657,15.07,0.50,25.0,900.0,0.0,HI,70.0,RAMPING
2026-09-05 07:44:08,1081.2,1,375.00,373.0656,-1.9344,374.4332,+1.3676,15.06,0.50,25.0,900.0,0.0,HI,70.0,RAMPING
2026-09-05 07:44:09,1082.6,1,375.00,373.0750,-1.9250,374.4449,+1.3699,15.07,0.50,25.0,900.0,0.0,HI,70.0,RAMPING
2026-09-05 07:44:11,1084.0,1,375.00,373.0846,-1.9154,374.4566,+1.3720,15.08,0.50,25.0,900.0,0.0,HI,70.0,RAMPING
2026-09-05 07:44:12,1085.4,1,375.00,373.0948,-1.9052,374.4683,+1.3735,15.08,0.50,25.0,900.0,0.0,HI,70.0,RAMPING
2026-09-05 07:44:13,1086.8,1,375.00,373.1049,-1.8951,374.4799,+1.3750,15.06,0.50,25.0,900.0,0.0,HI,70.0,RAMPING
2026-09-05 07:44:15,1088.2,1,375.00,373.1147,-1.8853,374.4917,+1.3770,15.03,0.50,25.0,900.0,0.0,HI,70.0,RAMPING
2026-09-05 07:44:16,1089.6,1,375.00,373.1246,-1.8754,374.5034,+1.3788,15.09,0.50,25.0,900.0,0.0,HI,70.0,RAMPING
2026-09-05 07:44:18,1091.0,1,375.00,373.1339,-1.8661,374.5151,+1.3812,15.12,0.50,25.0,900.0,0.0,HI,70.0,RAMPING
2026-09-05 07:44:19,1092.4,1,375.00,373.1437,-1.8563,374.5268,+1.3831,15.06,0.50,25.0,900.0,0.0,HI,70.0,RAMPING
2026-09-05 07:44:20,1093.8,1,375.00,373.1534,-1.8466,374.5385,+1.3851,15.08,0.50,25.0,900.0,0.0,HI,70.0,RAMPING
2026-09-05 07:44:22,1095.2,1,375.00,373.1626,-1.8374,374.5502,+1.3876,15.10,0.50,25.0,900.0,0.0,HI,70.0,RAMPING
2026-09-05 07:44:23,1096.6,1,375.00,373.1728,-1.8272,374.5619,+1.3891,15.11,0.50,25.0,900.0,0.0,HI,70.0,RAMPING
2026-09-05 07:44:25,1098.0,1,375.00,373.1828,-1.8172,374.5736,+1.3908,15.06,0.50,25.0,900.0,0.0,HI,70.0,RAMPING
2026-09-05 07:44:26,1099.4,1,375.00,373.1925,-1.8075,374.5853,+1.3928,15.12,0.50,25.0,900.0,0.0,HI,70.0,RAMPING
2026-09-05 07:44:27,1100.8,1,375.00,373.2018,-1.7982,374.5970,+1.3952,15.06,0.50,25.0,900.0,0.0,HI,70.0,RAMPING
2026-09-05 07:44:29,1102.2,1,375.00,373.2116,-1.7884,374.6087,+1.3971,15.11,0.50,25.0,900.0,0.0,HI,70.0,RAMPING
2026-09-05 07:44:30,1103.6,1,375.00,373.2208,-1.7792,374.6203,+1.3995,15.11,0.50,25.0,900.0,0.0,HI,70.0,RAMPING
2026-09-05 07:44:32,1105.0,1,375.00,373.2314,-1.7686,374.6320,+1.4006,15.07,0.50,25.0,900.0,0.0,HI,70.0,RAMPING
2026-09-05 07:44:33,1106.4,1,375.00,373.2406,-1.7594,374.6438,+1.4032,15.16,0.50,25.0,900.0,0.0,HI,70.0,RAMPING
2026-09-05 07:44:34,1107.8,1,375.00,373.2499,-1.7501,374.6554,+1.4055,15.09,0.50,25.0,900.0,0.0,HI,70.0,RAMPING
2026-09-05 07:44:36,1109.2,1,375.00,373.2594,-1.7406,374.6671,+1.4077,15.11,0.50,25.0,900.0,0.0,HI,70.0,RAMPING
2026-09-05 07:44:37,1110.7,1,375.00,373.2701,-1.7299,374.6788,+1.4087,15.15,0.50,25.0,900.0,0.0,HI,70.0,RAMPING
2026-09-05 07:44:39,1112.1,1,375.00,373.2790,-1.7210,374.6906,+1.4116,15.19,0.50,25.0,900.0,0.0,HI,70.0,RAMPING
2026-09-05 07:44:40,1113.5,1,375.00,373.2882,-1.7118,374.7023,+1.4141,15.14,0.50,25.0,900.0,0.0,HI,70.0,RAMPING
2026-09-05 07:44:41,1114.9,1,375.00,373.2977,-1.7023,374.7140,+1.4163,15.20,0.50,25.0,900.0,0.0,HI,70.0,RAMPING
2026-09-05 07:44:43,1116.3,1,375.00,373.3068,-1.6932,374.7257,+1.4189,15.26,0.50,25.0,900.0,0.0,HI,70.0,RAMPING
2026-09-05 07:44:44,1117.7,1,375.00,373.3161,-1.6839,374.7374,+1.4213,15.19,0.50,25.0,900.0,0.0,HI,70.0,RAMPING
2026-09-05 07:44:46,1119.1,1,375.00,373.3257,-1.6743,374.7490,+1.4233,15.22,0.50,25.0,900.0,0.0,HI,70.0,RAMPING
2026-09-05 07:44:47,1120.5,1,375.00,373.3346,-1.6654,374.7607,+1.4261,15.24,0.50,25.0,900.0,0.0,HI,70.0,RAMPING
2026-09-05 07:44:48,1121.9,1,375.00,373.3442,-1.6558,374.7724,+1.4282,15.23,0.50,25.0,900.0,0.0,HI,70.0,RAMPING
2026-09-05 07:44:50,1123.3,1,375.00,373.3535,-1.6465,374.7841,+1.4306,15.21,0.50,25.0,900.0,0.0,HI,70.0,RAMPING
2026-09-05 07:44:51,1124.7,1,375.00,373.3638,-1.6362,374.7958,+1.4320,15.22,0.50,25.0,900.0,0.0,HI,70.0,RAMPING
2026-09-05 07:44:53,1126.1,1,375.00,373.3733,-1.6267,374.8075,+1.4342,15.21,0.50,25.0,900.0,0.0,HI,70.0,RAMPING
2026-09-05 07:44:54,1127.5,1,375.00,373.3835,-1.6165,374.8192,+1.4357,15.14,0.50,25.0,900.0,0.0,HI,70.0,RAMPING
2026-09-05 07:44:55,1128.9,1,375.00,373.3942,-1.6058,374.8309,+1.4367,15.09,0.50,25.0,900.0,0.0,HI,70.0,RAMPING
2026-09-05 07:44:57,1130.3,1,375.00,373.4044,-1.5956,374.8426,+1.4382,15.12,0.50,25.0,900.0,0.0,HI,70.0,RAMPING
2026-09-05 07:44:58,1131.7,1,375.00,373.4150,-1.5850,374.8543,+1.4393,15.14,0.50,25.0,900.0,0.0,HI,70.0,RAMPING
2026-09-05 07:45:00,1133.1,1,375.00,373.4246,-1.5754,374.8660,+1.4414,15.18,0.50,25.0,900.0,0.0,HI,70.0,RAMPING
2026-09-05 07:45:01,1134.5,1,375.00,373.4340,-1.5660,374.8777,+1.4437,15.21,0.50,25.0,900.0,0.0,HI,70.0,RAMPING
2026-09-05 07:45:02,1135.9,1,375.00,373.4434,-1.5566,374.8894,+1.4460,15.23,0.50,25.0,900.0,0.0,HI,70.0,RAMPING
2026-09-05 07:45:04,1137.3,1,375.00,373.4525,-1.5475,374.9011,+1.4486,15.27,0.50,25.0,900.0,0.0,HI,70.0,RAMPING
2026-09-05 07:45:05,1138.7,1,375.00,373.4616,-1.5384,374.9128,+1.4512,15.24,0.50,25.0,900.0,0.0,HI,70.0,RAMPING
2026-09-05 07:45:07,1140.1,1,375.00,373.4713,-1.5287,374.9245,+1.4532,15.22,0.50,25.0,900.0,0.0,HI,70.0,RAMPING
2026-09-05 07:45:08,1141.5,1,375.00,373.4808,-1.5192,374.9362,+1.4554,15.25,0.50,25.0,900.0,0.0,HI,70.0,RAMPING
2026-09-05 07:45:09,1142.9,1,375.00,373.4902,-1.5098,374.9479,+1.4577,15.24,0.50,25.0,900.0,0.0,HI,70.0,RAMPING
2026-09-05 07:45:11,1144.3,1,375.00,373.4999,-1.5001,374.9596,+1.4597,15.29,0.50,25.0,900.0,0.0,HI,70.0,RAMPING
2026-09-05 07:45:12,1145.7,1,375.00,373.5096,-1.4904,374.9713,+1.4617,15.23,0.50,25.0,900.0,0.0,HI,70.0,RAMPING
2026-09-05 07:45:14,1147.1,1,375.00,373.5192,-1.4808,374.9830,+1.4638,15.24,0.50,25.0,900.0,0.0,HI,70.0,RAMPING
2026-09-05 07:45:15,1148.6,1,375.00,373.5284,-1.4716,374.9947,+1.4663,15.32,0.50,25.0,900.0,0.0,HI,70.0,RAMPING
2026-09-05 07:45:16,1150.0,1,375.00,373.5377,-1.4623,375.0000,+1.4623,15.31,0.50,25.0,900.0,0.0,HI,70.0,RAMPING
2026-09-05 07:45:18,1151.4,1,375.00,373.5475,-1.4525,375.0000,+1.4525,15.25,0.50,25.0,900.0,0.0,HI,70.0,RAMPING
2026-09-05 07:45:19,1152.8,1,375.00,373.5568,-1.4432,375.0000,+1.4432,15.34,0.50,25.0,900.0,0.0,HI,70.0,RAMPING
2026-09-05 07:45:21,1154.2,1,375.00,373.5659,-1.4341,375.0000,+1.4341,15.33,0.50,25.0,900.0,0.0,HI,70.0,RAMPING
2026-09-05 07:45:22,1155.6,1,375.00,373.5751,-1.4249,375.0000,+1.4249,15.37,0.50,25.0,900.0,0.0,HI,70.0,RAMPING
2026-09-05 07:45:23,1157.0,1,375.00,373.5846,-1.4154,375.0000,+1.4154,15.35,0.50,25.0,900.0,0.0,HI,70.0,RAMPING
2026-09-05 07:45:25,1158.4,1,375.00,373.5944,-1.4056,375.0000,+1.4056,15.32,0.50,25.0,900.0,0.0,HI,70.0,RAMPING
2026-09-05 07:45:26,1159.8,1,375.00,373.6042,-1.3958,375.0000,+1.3958,15.33,0.50,25.0,900.0,0.0,HI,70.0,RAMPING
2026-09-05 07:45:28,1161.2,1,375.00,373.6143,-1.3857,375.0000,+1.3857,15.28,0.50,25.0,900.0,0.0,HI,70.0,RAMPING
2026-09-05 07:45:29,1162.6,1,375.00,373.6245,-1.3755,375.0000,+1.3755,15.31,0.50,25.0,900.0,0.0,HI,70.0,RAMPING
2026-09-05 07:45:31,1164.0,1,375.00,373.6350,-1.3650,375.0000,+1.3650,15.23,0.50,25.0,900.0,0.0,HI,70.0,RAMPING
2026-09-05 07:45:32,1165.4,1,375.00,373.6451,-1.3549,375.0000,+1.3549,15.28,0.50,25.0,900.0,0.0,HI,70.0,RAMPING
2026-09-05 07:45:33,1166.8,1,375.00,373.6547,-1.3453,375.0000,+1.3453,15.30,0.50,25.0,900.0,0.0,HI,70.0,RAMPING
2026-09-05 07:45:35,1168.2,1,375.00,373.6639,-1.3361,375.0000,+1.3361,15.38,0.50,25.0,900.0,0.0,HI,70.0,RAMPING
2026-09-05 07:45:36,1169.6,1,375.00,373.6736,-1.3264,375.0000,+1.3264,15.38,0.50,25.0,900.0,0.0,HI,70.0,RAMPING
2026-09-05 07:45:38,1171.0,1,375.00,373.6831,-1.3169,375.0000,+1.3169,15.31,0.50,25.0,900.0,0.0,HI,70.0,RAMPING
2026-09-05 07:45:39,1172.4,1,375.00,373.6931,-1.3069,375.0000,+1.3069,15.29,0.50,25.0,900.0,0.0,HI,70.0,RAMPING
2026-09-05 07:45:40,1173.8,1,375.00,373.7030,-1.2970,375.0000,+1.2970,15.27,0.50,25.0,900.0,0.0,HI,70.0,RAMPING
2026-09-05 07:45:42,1175.2,1,375.00,373.7139,-1.2861,375.0000,+1.2861,15.18,0.50,25.0,900.0,0.0,HI,70.0,RAMPING
2026-09-05 07:45:43,1176.6,1,375.00,373.7252,-1.2748,375.0000,+1.2748,15.20,0.50,25.0,900.0,0.0,HI,70.0,RAMPING
2026-09-05 07:45:45,1178.0,1,375.00,373.7354,-1.2646,375.0000,+1.2646,15.20,0.50,25.0,900.0,0.0,HI,70.0,RAMPING
2026-09-05 07:45:46,1179.4,1,375.00,373.7458,-1.2542,375.0000,+1.2542,15.23,0.50,25.0,900.0,0.0,HI,70.0,RAMPING
2026-09-05 07:45:47,1180.8,1,375.00,373.7550,-1.2450,375.0000,+1.2450,15.20,0.50,25.0,900.0,0.0,HI,70.0,RAMPING
2026-09-05 07:45:49,1182.2,1,375.00,373.7651,-1.2349,375.0000,+1.2349,15.22,0.50,25.0,900.0,0.0,HI,70.0,RAMPING
2026-09-05 07:45:50,1183.6,1,375.00,373.7758,-1.2242,375.0000,+1.2242,15.18,0.50,25.0,900.0,0.0,HI,70.0,RAMPING
2026-09-05 07:45:52,1185.1,1,375.00,373.7857,-1.2143,375.0000,+1.2143,15.23,0.50,25.0,900.0,0.0,HI,70.0,RAMPING
2026-09-05 07:45:53,1186.5,1,375.00,373.7949,-1.2051,375.0000,+1.2051,15.20,0.50,25.0,900.0,0.0,HI,70.0,RAMPING
2026-09-05 07:45:54,1187.9,1,375.00,373.8052,-1.1948,375.0000,+1.1948,15.11,0.50,25.0,900.0,0.0,HI,70.0,RAMPING
2026-09-05 07:45:56,1189.3,1,375.00,373.8160,-1.1840,375.0000,+1.1840,15.18,0.50,25.0,900.0,0.0,HI,70.0,RAMPING
2026-09-05 07:45:57,1190.7,1,375.00,373.8255,-1.1745,375.0000,+1.1745,15.19,0.50,25.0,900.0,0.0,HI,70.0,RAMPING
2026-09-05 07:45:59,1192.1,1,375.00,373.8355,-1.1645,375.0000,+1.1645,15.16,0.50,25.0,900.0,0.0,HI,70.0,RAMPING
2026-09-05 07:46:00,1193.5,1,375.00,373.8459,-1.1541,375.0000,+1.1541,15.12,0.50,25.0,900.0,0.0,HI,70.0,RAMPING
2026-09-05 07:46:01,1194.9,1,375.00,373.8562,-1.1438,375.0000,+1.1438,15.16,0.50,25.0,900.0,0.0,HI,70.0,RAMPING
2026-09-05 07:46:03,1196.3,1,375.00,373.8663,-1.1337,375.0000,+1.1337,15.18,0.50,25.0,900.0,0.0,HI,70.0,RAMPING
2026-09-05 07:46:04,1197.7,1,375.00,373.8750,-1.1250,375.0000,+1.1250,15.25,0.50,25.0,900.0,0.0,HI,70.0,RAMPING
2026-09-05 07:46:06,1199.1,1,375.00,373.8839,-1.1161,375.0000,+1.1161,15.23,0.50,25.0,900.0,0.0,HI,70.0,RAMPING
2026-09-05 07:46:07,1200.5,1,375.00,373.8932,-1.1068,375.0000,+1.1068,15.23,0.50,25.0,900.0,0.0,HI,70.0,RAMPING
2026-09-05 07:46:08,1201.9,1,375.00,373.9028,-1.0972,375.0000,+1.0972,15.25,0.50,25.0,900.0,0.0,HI,70.0,RAMPING
2026-09-05 07:46:10,1203.3,1,375.00,373.9124,-1.0876,375.0000,+1.0876,15.28,0.50,25.0,900.0,0.0,HI,70.0,RAMPING
2026-09-05 07:46:11,1204.7,1,375.00,373.9218,-1.0782,375.0000,+1.0782,15.27,0.50,25.0,900.0,0.0,HI,70.0,RAMPING
2026-09-05 07:46:13,1206.1,1,375.00,373.9313,-1.0687,375.0000,+1.0687,15.24,0.50,25.0,900.0,0.0,HI,70.0,RAMPING
2026-09-05 07:46:14,1207.5,1,375.00,373.9409,-1.0591,375.0000,+1.0591,15.24,0.50,25.0,900.0,0.0,HI,70.0,RAMPING
2026-09-05 07:46:15,1208.9,1,375.00,373.9507,-1.0493,375.0000,+1.0493,15.19,0.50,25.0,900.0,0.0,HI,70.0,RAMPING
2026-09-05 07:46:17,1210.3,1,375.00,373.9610,-1.0390,375.0000,+1.0390,15.24,0.50,25.0,900.0,0.0,HI,70.0,RAMPING
2026-09-05 07:46:18,1211.7,1,375.00,373.9709,-1.0291,375.0000,+1.0291,15.21,0.50,25.0,900.0,0.0,HI,70.0,RAMPING
2026-09-05 07:46:20,1213.1,1,375.00,373.9807,-1.0193,375.0000,+1.0193,15.21,0.50,25.0,900.0,0.0,HI,70.0,RAMPING
2026-09-05 07:46:21,1214.5,1,375.00,373.9904,-1.0096,375.0000,+1.0096,15.20,0.50,25.0,900.0,0.0,HI,70.0,RAMPING
2026-09-05 07:46:22,1215.9,1,375.00,374.0002,-0.9998,375.0000,+0.9998,15.25,0.50,25.0,900.0,0.0,HI,70.0,RAMPING
2026-09-05 07:46:24,1217.3,1,375.00,374.0097,-0.9903,375.0000,+0.9903,15.22,0.50,25.0,900.0,0.0,HI,70.0,RAMPING
2026-09-05 07:46:25,1218.7,1,375.00,374.0198,-0.9802,375.0000,+0.9802,15.21,0.50,25.0,900.0,0.0,HI,70.0,RAMPING
2026-09-05 07:46:27,1220.2,1,375.00,374.0296,-0.9704,375.0000,+0.9704,15.22,0.50,25.0,900.0,0.0,HI,70.0,RAMPING
2026-09-05 07:46:28,1221.6,1,375.00,374.0399,-0.9601,375.0000,+0.9601,15.25,0.50,25.0,900.0,0.0,HI,70.0,RAMPING
2026-09-05 07:46:29,1223.0,1,375.00,374.0497,-0.9503,375.0000,+0.9503,15.23,0.50,25.0,900.0,0.0,HI,70.0,RAMPING
2026-09-05 07:46:31,1224.4,1,375.00,374.0594,-0.9406,375.0000,+0.9406,15.27,0.50,25.0,900.0,0.0,HI,70.0,RAMPING
2026-09-05 07:46:32,1225.8,1,375.00,374.0682,-0.9318,375.0000,+0.9318,15.30,0.50,25.0,900.0,0.0,HI,70.0,RAMPING
2026-09-05 07:46:34,1227.2,1,375.00,374.0774,-0.9226,375.0000,+0.9226,15.28,0.50,25.0,900.0,0.0,HI,70.0,RAMPING
2026-09-05 07:46:35,1228.6,1,375.00,374.0874,-0.9126,375.0000,+0.9126,15.25,0.50,25.0,900.0,0.0,HI,70.0,RAMPING
2026-09-05 07:46:37,1230.0,1,375.00,374.0969,-0.9031,375.0000,+0.9031,15.29,0.50,25.0,900.0,0.0,HI,70.0,RAMPING
2026-09-05 07:46:38,1231.4,1,375.00,374.1063,-0.8937,375.0000,+0.8937,15.30,0.50,25.0,900.0,0.0,HI,70.0,RAMPING
2026-09-05 07:46:39,1232.8,1,375.00,374.1154,-0.8846,375.0000,+0.8846,15.36,0.50,25.0,900.0,0.0,HI,70.0,RAMPING
2026-09-05 07:46:41,1234.2,1,375.00,374.1239,-0.8761,375.0000,+0.8761,15.34,0.50,25.0,900.0,0.0,HI,70.0,RAMPING
2026-09-05 07:46:42,1235.6,1,375.00,374.1342,-0.8658,375.0000,+0.8658,15.31,0.50,25.0,900.0,0.0,HI,70.0,RAMPING
2026-09-05 07:46:44,1237.0,1,375.00,374.1450,-0.8550,375.0000,+0.8550,15.23,0.50,25.0,900.0,0.0,HI,70.0,RAMPING
2026-09-05 07:46:45,1238.4,1,375.00,374.1551,-0.8449,375.0000,+0.8449,15.24,0.50,25.0,900.0,0.0,HI,70.0,RAMPING
2026-09-05 07:46:46,1239.8,1,375.00,374.1648,-0.8352,375.0000,+0.8352,15.33,0.50,25.0,900.0,0.0,HI,70.0,RAMPING
2026-09-05 07:46:48,1241.2,1,375.00,374.1757,-0.8243,375.0000,+0.8243,15.14,0.50,25.0,900.0,0.0,HI,70.0,RAMPING
2026-09-05 07:46:49,1242.6,1,375.00,374.1865,-0.8135,375.0000,+0.8135,15.21,0.50,25.0,900.0,0.0,HI,70.0,RAMPING
2026-09-05 07:46:51,1244.0,1,375.00,374.1966,-0.8034,375.0000,+0.8034,15.22,0.50,25.0,900.0,0.0,HI,70.0,RAMPING
2026-09-05 07:46:52,1245.4,1,375.00,374.2064,-0.7936,375.0000,+0.7936,15.27,0.50,25.0,900.0,0.0,HI,70.0,RAMPING
2026-09-05 07:46:53,1246.8,1,375.00,374.2159,-0.7841,375.0000,+0.7841,15.25,0.50,25.0,900.0,0.0,HI,70.0,RAMPING
2026-09-05 07:46:55,1248.2,1,375.00,374.2256,-0.7744,375.0000,+0.7744,15.29,0.50,25.0,900.0,0.0,HI,70.0,RAMPING
2026-09-05 07:46:56,1249.6,1,375.00,374.2350,-0.7650,375.0000,+0.7650,15.27,0.50,25.0,900.0,0.0,HI,70.0,RAMPING
2026-09-05 07:46:58,1251.0,1,375.00,374.2442,-0.7558,375.0000,+0.7558,15.33,0.50,25.0,900.0,0.0,HI,70.0,RAMPING
2026-09-05 07:46:59,1252.4,1,375.00,374.2531,-0.7469,375.0000,+0.7469,15.36,0.50,25.0,900.0,0.0,HI,70.0,RAMPING
2026-09-05 07:47:00,1253.8,1,375.00,374.2623,-0.7377,375.0000,+0.7377,15.37,0.50,25.0,900.0,0.0,HI,70.0,RAMPING
2026-09-05 07:47:02,1255.3,1,375.00,374.2715,-0.7285,375.0000,+0.7285,15.34,0.50,25.0,900.0,0.0,HI,70.0,RAMPING
2026-09-05 07:47:03,1256.7,1,375.00,374.2810,-0.7190,375.0000,+0.7190,15.34,0.50,25.0,900.0,0.0,HI,70.0,RAMPING
2026-09-05 07:47:05,1258.1,1,375.00,374.2904,-0.7096,375.0000,+0.7096,15.32,0.50,25.0,900.0,0.0,HI,70.0,RAMPING
2026-09-05 07:47:06,1259.5,1,375.00,374.3003,-0.6997,375.0000,+0.6997,15.38,0.50,25.0,900.0,0.0,HI,70.0,RAMPING
2026-09-05 07:47:07,1260.9,1,375.00,374.3104,-0.6896,375.0000,+0.6896,15.32,0.50,25.0,900.0,0.0,HI,70.0,RAMPING
2026-09-05 07:47:09,1262.3,1,375.00,374.3201,-0.6799,375.0000,+0.6799,15.37,0.50,25.0,900.0,0.0,HI,70.0,RAMPING
2026-09-05 07:47:10,1263.7,1,375.00,374.3294,-0.6706,375.0000,+0.6706,15.33,0.50,25.0,900.0,0.0,HI,70.0,RAMPING
2026-09-05 07:47:12,1265.1,1,375.00,374.3392,-0.6608,375.0000,+0.6608,15.35,0.50,25.0,900.0,0.0,HI,70.0,RAMPING
2026-09-05 07:47:13,1266.5,1,375.00,374.3486,-0.6514,375.0000,+0.6514,15.35,0.50,25.0,900.0,0.0,HI,70.0,RAMPING
2026-09-05 07:47:14,1267.9,1,375.00,374.3589,-0.6411,375.0000,+0.6411,15.36,0.50,25.0,900.0,0.0,HI,70.0,RAMPING
2026-09-05 07:47:16,1269.3,1,375.00,374.3685,-0.6315,375.0000,+0.6315,15.32,0.50,25.0,900.0,0.0,HI,70.0,RAMPING
2026-09-05 07:47:17,1270.7,1,375.00,374.3787,-0.6213,375.0000,+0.6213,15.33,0.50,25.0,900.0,0.0,HI,70.0,RAMPING
2026-09-05 07:47:19,1272.1,1,375.00,374.3883,-0.6117,375.0000,+0.6117,15.33,0.50,25.0,900.0,0.0,HI,70.0,RAMPING
2026-09-05 07:47:20,1273.5,1,375.00,374.3983,-0.6017,375.0000,+0.6017,15.36,0.50,25.0,900.0,0.0,HI,70.0,RAMPING
2026-09-05 07:47:21,1274.9,1,375.00,374.4077,-0.5923,375.0000,+0.5923,15.41,0.50,25.0,900.0,0.0,HI,70.0,RAMPING
2026-09-05 07:47:23,1276.3,1,375.00,374.4169,-0.5831,375.0000,+0.5831,15.39,0.50,25.0,900.0,0.0,HI,70.0,RAMPING
2026-09-05 07:47:24,1277.7,1,375.00,374.4269,-0.5731,375.0000,+0.5731,15.33,0.50,25.0,900.0,0.0,HI,70.0,RAMPING
2026-09-05 07:47:26,1279.1,1,375.00,374.4373,-0.5627,375.0000,+0.5627,15.25,0.50,25.0,900.0,0.0,HI,70.0,RAMPING
2026-09-05 07:47:27,1280.5,1,375.00,374.4488,-0.5512,375.0000,+0.5512,15.22,0.50,25.0,900.0,0.0,HI,70.0,RAMPING
2026-09-05 07:47:28,1281.9,1,375.00,374.4589,-0.5411,375.0000,+0.5411,15.31,0.50,25.0,900.0,0.0,HI,70.0,RAMPING
2026-09-05 07:47:30,1283.3,1,375.00,374.4683,-0.5317,375.0000,+0.5317,15.35,0.50,25.0,900.0,0.0,HI,70.0,RAMPING
2026-09-05 07:47:31,1284.7,1,375.00,374.4773,-0.5227,375.0000,+0.5227,15.34,0.50,25.0,900.0,0.0,HI,70.0,RAMPING
2026-09-05 07:47:33,1286.1,1,375.00,374.4878,-0.5122,375.0000,+0.5122,15.29,0.50,25.0,900.0,0.0,HI,70.0,RAMPING
2026-09-05 07:47:34,1287.5,1,375.00,374.4981,-0.5019,375.0000,+0.5019,15.28,0.50,25.0,900.0,0.0,HI,70.0,RAMPING
2026-09-05 07:47:35,1288.9,1,375.00,374.5079,-0.4921,375.0000,+0.4921,15.34,0.50,25.0,900.0,0.0,HI,70.0,RAMPING
2026-09-05 07:47:37,1290.4,1,375.00,374.5177,-0.4823,375.0000,+0.4823,15.27,0.50,25.0,900.0,0.0,HI,70.0,RAMPING
2026-09-05 07:47:38,1291.8,1,375.00,374.5280,-0.4720,375.0000,+0.4720,15.23,0.50,25.0,900.0,0.0,HI,70.0,RAMPING
2026-09-05 07:47:40,1293.2,1,375.00,374.5388,-0.4612,375.0000,+0.4612,15.24,0.50,25.0,900.0,0.0,HI,70.0,RAMPING
2026-09-05 07:47:41,1294.6,1,375.00,374.5487,-0.4513,375.0000,+0.4513,15.24,0.50,25.0,900.0,0.0,HI,70.0,RAMPING
2026-09-05 07:47:42,1296.0,1,375.00,374.5586,-0.4414,375.0000,+0.4414,15.26,0.50,25.0,900.0,0.0,HI,70.0,RAMPING
2026-09-05 07:47:44,1297.4,1,375.00,374.5686,-0.4314,375.0000,+0.4314,15.18,0.50,25.0,900.0,0.0,HI,70.0,RAMPING
2026-09-05 07:47:45,1298.8,1,375.00,374.5779,-0.4221,375.0000,+0.4221,15.35,0.50,25.0,900.0,0.0,HI,70.0,RAMPING
2026-09-05 07:47:47,1300.2,1,375.00,374.5875,-0.4125,375.0000,+0.4125,15.27,0.50,25.0,900.0,0.0,HI,70.0,RAMPING
2026-09-05 07:47:48,1301.6,1,375.00,374.5978,-0.4022,375.0000,+0.4022,15.23,0.50,25.0,900.0,0.0,HI,70.0,RAMPING
2026-09-05 07:47:50,1303.0,1,375.00,374.6076,-0.3924,375.0000,+0.3924,15.25,0.50,25.0,900.0,0.0,HI,70.0,RAMPING
2026-09-05 07:47:51,1304.4,1,375.00,374.6169,-0.3831,375.0000,+0.3831,15.31,0.50,25.0,900.0,0.0,HI,70.0,RAMPING
2026-09-05 07:47:52,1305.8,1,375.00,374.6270,-0.3730,375.0000,+0.3730,15.30,0.50,25.0,900.0,0.0,HI,70.0,RAMPING
2026-09-05 07:47:54,1307.2,1,375.00,374.6364,-0.3636,375.0000,+0.3636,15.25,0.50,25.0,900.0,0.0,HI,70.0,RAMPING
2026-09-05 07:47:55,1308.6,1,375.00,374.6458,-0.3542,375.0000,+0.3542,15.31,0.50,25.0,900.0,0.0,HI,70.0,RAMPING
2026-09-05 07:47:57,1310.0,1,375.00,374.6553,-0.3447,375.0000,+0.3447,15.33,0.50,25.0,900.0,0.0,HI,70.0,RAMPING
2026-09-05 07:47:58,1311.4,1,375.00,374.6648,-0.3352,375.0000,+0.3352,15.31,0.50,25.0,900.0,0.0,HI,70.0,RAMPING
2026-09-05 07:47:59,1312.8,1,375.00,374.6744,-0.3256,375.0000,+0.3256,15.39,0.50,25.0,900.0,0.0,HI,70.0,RAMPING
2026-09-05 07:48:01,1314.2,1,375.00,374.6830,-0.3170,375.0000,+0.3170,15.37,0.50,25.0,900.0,0.0,HI,70.0,RAMPING
2026-09-05 07:48:02,1315.6,1,375.00,374.6927,-0.3073,375.0000,+0.3073,15.36,0.50,25.0,900.0,0.0,HI,70.0,RAMPING
2026-09-05 07:48:04,1317.0,1,375.00,374.7025,-0.2975,375.0000,+0.2975,15.31,0.50,25.0,900.0,0.0,HI,70.0,RAMPING
2026-09-05 07:48:05,1318.4,1,375.00,374.7118,-0.2882,375.0000,+0.2882,15.34,0.50,25.0,900.0,0.0,HI,70.0,RAMPING
2026-09-05 07:48:06,1319.8,1,375.00,374.7219,-0.2781,375.0000,+0.2781,15.37,0.50,25.0,900.0,0.0,HI,70.0,RAMPING
2026-09-05 07:48:08,1321.2,1,375.00,374.7313,-0.2687,375.0000,+0.2687,15.40,0.50,25.0,900.0,0.0,HI,70.0,RAMPING
2026-09-05 07:48:09,1322.6,1,375.00,374.7406,-0.2594,375.0000,+0.2594,15.42,0.50,25.0,900.0,0.0,HI,70.0,RAMPING
2026-09-05 07:48:11,1324.0,1,375.00,374.7497,-0.2503,375.0000,+0.2503,15.38,0.50,25.0,900.0,0.0,HI,70.0,RAMPING
2026-09-05 07:48:12,1325.4,1,375.00,374.7594,-0.2406,375.0000,+0.2406,15.44,0.50,25.0,900.0,0.0,HI,70.0,RAMPING
2026-09-05 07:48:13,1326.8,1,375.00,374.7697,-0.2303,375.0000,+0.2303,15.35,0.50,25.0,900.0,0.0,HI,70.0,RAMPING
2026-09-05 07:48:15,1328.2,1,375.00,374.7801,-0.2199,375.0000,+0.2199,15.32,0.50,25.0,900.0,0.0,HI,70.0,RAMPING
2026-09-05 07:48:16,1329.7,1,375.00,374.7901,-0.2099,375.0000,+0.2099,15.37,0.50,25.0,900.0,0.0,HI,70.0,RAMPING
2026-09-05 07:48:18,1331.1,1,375.00,374.7999,-0.2001,375.0000,+0.2001,15.33,0.50,25.0,900.0,0.0,HI,70.0,RAMPING
2026-09-05 07:48:19,1332.5,1,375.00,374.8108,-0.1892,375.0000,+0.1892,15.32,0.50,25.0,900.0,0.0,HI,70.0,RAMPING
2026-09-05 07:48:20,1333.9,1,375.00,374.8201,-0.1799,375.0000,+0.1799,15.38,0.50,25.0,900.0,0.0,HI,70.0,RAMPING
2026-09-05 07:48:22,1335.3,1,375.00,374.8295,-0.1705,375.0000,+0.1705,15.38,0.50,25.0,900.0,0.0,HI,70.0,RAMPING
2026-09-05 07:48:23,1336.7,1,375.00,374.8394,-0.1606,375.0000,+0.1606,15.32,0.50,25.0,900.0,0.0,HI,70.0,RAMPING
2026-09-05 07:48:25,1338.1,1,375.00,374.8492,-0.1508,375.0000,+0.1508,15.34,0.50,25.0,900.0,0.0,HI,70.0,RAMPING
2026-09-05 07:48:26,1339.5,1,375.00,374.8599,-0.1401,375.0000,+0.1401,15.36,0.50,25.0,900.0,0.0,HI,70.0,RAMPING
2026-09-05 07:48:27,1340.9,1,375.00,374.8694,-0.1306,375.0000,+0.1306,15.34,0.50,25.0,900.0,0.0,HI,70.0,RAMPING
2026-09-05 07:48:29,1342.3,1,375.00,374.8785,-0.1215,375.0000,+0.1215,15.39,0.50,25.0,900.0,0.0,HI,70.0,RAMPING
2026-09-05 07:48:30,1343.7,1,375.00,374.8878,-0.1122,375.0000,+0.1122,15.40,0.50,25.0,900.0,0.0,HI,70.0,RAMPING
2026-09-05 07:48:32,1345.1,1,375.00,374.8978,-0.1022,375.0000,+0.1022,15.34,0.50,25.0,900.0,0.0,HI,70.0,RAMPING
2026-09-05 07:48:33,1346.5,1,375.00,374.9079,-0.0921,375.0000,+0.0921,15.41,0.50,25.0,900.0,0.0,HI,70.0,RAMPING
2026-09-05 07:48:34,1347.9,1,375.00,374.9172,-0.0828,375.0000,+0.0828,15.40,0.50,25.0,900.0,0.0,HI,70.0,RAMPING
2026-09-05 07:48:36,1349.3,1,375.00,374.9265,-0.0735,375.0000,+0.0735,15.41,0.50,25.0,900.0,0.0,HI,70.0,RAMPING
2026-09-05 07:48:37,1350.7,1,375.00,374.9363,-0.0637,375.0000,+0.0637,15.37,0.50,25.0,900.0,0.0,HI,70.0,RAMPING
2026-09-05 07:48:39,1352.1,1,375.00,374.9468,-0.0532,375.0000,+0.0532,15.37,0.50,25.0,900.0,0.0,HI,70.0,RAMPING
2026-09-05 07:48:40,1353.5,1,375.00,374.9562,-0.0438,375.0000,+0.0438,15.42,0.50,25.0,900.0,0.0,HI,70.0,HOLDING
2026-09-05 07:48:41,1354.9,1,375.00,374.9655,-0.0345,375.0000,+0.0345,15.42,0.50,25.0,900.0,0.0,HI,70.0,HOLDING
2026-09-05 07:48:43,1356.3,1,375.00,374.9752,-0.0248,375.0000,+0.0248,15.37,0.50,25.0,900.0,0.0,HI,70.0,HOLDING
2026-09-05 07:48:44,1357.7,1,375.00,374.9854,-0.0146,375.0000,+0.0146,15.40,0.50,25.0,900.0,0.0,HI,70.0,HOLDING
2026-09-05 07:48:46,1359.1,1,375.00,374.9952,-0.0048,375.0000,+0.0048,15.45,0.50,25.0,900.0,0.0,HI,70.0,HOLDING
2026-09-05 07:48:47,1360.5,1,375.00,375.0043,+0.0043,375.0000,-0.0043,15.46,0.50,25.0,900.0,0.0,HI,70.0,HOLDING
2026-09-05 07:48:48,1361.9,1,375.00,375.0136,+0.0136,375.0000,-0.0136,15.12,0.50,25.0,900.0,0.0,HI,70.0,HOLDING
2026-09-05 07:48:50,1363.3,1,375.00,375.0234,+0.0234,375.0000,-0.0234,14.89,0.50,25.0,900.0,0.0,HI,70.0,HOLDING
2026-09-05 07:48:51,1364.8,1,375.00,375.0341,+0.0341,375.0000,-0.0341,14.62,0.50,25.0,900.0,0.0,HI,70.0,HOLDING
2026-09-05 07:48:53,1366.2,1,375.00,375.0439,+0.0439,375.0000,-0.0439,14.38,0.50,25.0,900.0,0.0,HI,70.0,HOLDING
2026-09-05 07:48:54,1367.6,1,375.00,375.0538,+0.0538,375.0000,-0.0538,14.13,0.50,25.0,900.0,0.0,HI,70.0,RAMPING
2026-09-05 07:48:55,1369.0,1,375.00,375.0636,+0.0636,375.0000,-0.0636,13.85,0.50,25.0,900.0,0.0,HI,70.0,RAMPING
2026-09-05 07:48:57,1370.4,1,375.00,375.0737,+0.0737,375.0000,-0.0737,13.66,0.50,25.0,900.0,0.0,HI,70.0,RAMPING
2026-09-05 07:48:58,1371.8,1,375.00,375.0836,+0.0836,375.0000,-0.0836,13.45,0.50,25.0,900.0,0.0,HI,70.0,RAMPING
2026-09-05 07:49:00,1373.2,1,375.00,375.0928,+0.0928,375.0000,-0.0928,13.15,0.50,25.0,900.0,0.0,HI,70.0,RAMPING
2026-09-05 07:49:01,1374.6,1,375.00,375.1020,+0.1020,375.0000,-0.1020,12.94,0.50,25.0,900.0,0.0,HI,70.0,RAMPING
2026-09-05 07:49:03,1376.0,1,375.00,375.1112,+0.1112,375.0000,-0.1112,12.79,0.50,25.0,900.0,0.0,HI,70.0,RAMPING
2026-09-05 07:49:04,1377.4,1,375.00,375.1198,+0.1198,375.0000,-0.1198,12.58,0.50,25.0,900.0,0.0,HI,70.0,RAMPING
2026-09-05 07:49:05,1378.8,1,375.00,375.1291,+0.1291,375.0000,-0.1291,12.34,0.50,25.0,900.0,0.0,HI,70.0,RAMPING
2026-09-05 07:49:07,1380.2,1,375.00,375.1372,+0.1372,375.0000,-0.1372,12.17,0.50,25.0,900.0,0.0,HI,70.0,RAMPING
2026-09-05 07:49:08,1381.6,1,375.00,375.1449,+0.1449,375.0000,-0.1449,12.03,0.50,25.0,900.0,0.0,HI,70.0,RAMPING
2026-09-05 07:49:10,1383.0,1,375.00,375.1521,+0.1521,375.0000,-0.1521,11.81,0.50,25.0,900.0,0.0,HI,70.0,RAMPING
2026-09-05 07:49:11,1384.4,1,375.00,375.1597,+0.1597,375.0000,-0.1597,11.60,0.50,25.0,900.0,0.0,HI,70.0,RAMPING
2026-09-05 07:49:12,1385.8,1,375.00,375.1671,+0.1671,375.0000,-0.1671,11.43,0.50,25.0,900.0,0.0,HI,70.0,RAMPING
2026-09-05 07:49:14,1387.2,1,375.00,375.1746,+0.1746,375.0000,-0.1746,11.23,0.50,25.0,900.0,0.0,HI,70.0,RAMPING
2026-09-05 07:49:15,1388.6,1,375.00,375.1817,+0.1817,375.0000,-0.1817,11.14,0.50,25.0,900.0,0.0,HI,70.0,RAMPING
2026-09-05 07:49:17,1390.0,1,375.00,375.1875,+0.1875,375.0000,-0.1875,10.99,0.50,25.0,900.0,0.0,HI,70.0,RAMPING
2026-09-05 07:49:18,1391.4,1,375.00,375.1947,+0.1947,375.0000,-0.1947,10.76,0.50,25.0,900.0,0.0,HI,70.0,RAMPING
2026-09-05 07:49:19,1392.8,1,375.00,375.2016,+0.2016,375.0000,-0.2016,10.53,0.50,25.0,900.0,0.0,HI,70.0,RAMPING
2026-09-05 07:49:21,1394.2,1,375.00,375.2084,+0.2084,375.0000,-0.2084,10.49,0.50,25.0,900.0,0.0,HI,70.0,RAMPING
2026-09-05 07:49:22,1395.6,1,375.00,375.2135,+0.2135,375.0000,-0.2135,10.37,0.50,25.0,900.0,0.0,HI,70.0,RAMPING
2026-09-05 07:49:24,1397.0,1,375.00,375.2187,+0.2187,375.0000,-0.2187,10.24,0.50,25.0,900.0,0.0,HI,70.0,RAMPING
2026-09-05 07:49:25,1398.4,1,375.00,375.2242,+0.2242,375.0000,-0.2242,10.11,0.50,25.0,900.0,0.0,HI,70.0,RAMPING
2026-09-05 07:49:26,1399.8,1,375.00,375.2289,+0.2289,375.0000,-0.2289,10.05,0.50,25.0,900.0,0.0,HI,70.0,RAMPING
2026-09-05 07:49:28,1401.3,1,375.00,375.2334,+0.2334,375.0000,-0.2334,9.89,0.50,25.0,900.0,0.0,HI,70.0,RAMPING
2026-09-05 07:49:29,1402.7,1,375.00,375.2383,+0.2383,375.0000,-0.2383,9.74,0.50,25.0,900.0,0.0,HI,70.0,RAMPING
2026-09-05 07:49:31,1404.1,1,375.00,375.2430,+0.2430,375.0000,-0.2430,9.64,0.50,25.0,900.0,0.0,HI,70.0,RAMPING
2026-09-05 07:49:32,1405.5,1,375.00,375.2476,+0.2476,375.0000,-0.2476,9.51,0.50,25.0,900.0,0.0,HI,70.0,RAMPING
2026-09-05 07:49:33,1406.9,1,375.00,375.2522,+0.2522,375.0000,-0.2522,9.42,0.50,25.0,900.0,0.0,HI,70.0,RAMPING
2026-09-05 07:49:35,1408.3,1,375.00,375.2567,+0.2567,375.0000,-0.2567,9.32,0.50,25.0,900.0,0.0,HI,70.0,RAMPING
2026-09-05 07:49:36,1409.7,1,375.00,375.2612,+0.2612,375.0000,-0.2612,9.12,0.50,25.0,900.0,0.0,HI,70.0,RAMPING
2026-09-05 07:49:38,1411.1,1,375.00,375.2654,+0.2654,375.0000,-0.2654,9.11,0.50,25.0,900.0,0.0,HI,70.0,RAMPING
2026-09-05 07:49:39,1412.5,1,375.00,375.2687,+0.2687,375.0000,-0.2687,9.08,0.50,25.0,900.0,0.0,HI,70.0,RAMPING
2026-09-05 07:49:40,1413.9,1,375.00,375.2720,+0.2720,375.0000,-0.2720,8.94,0.50,25.0,900.0,0.0,HI,70.0,RAMPING
2026-09-05 07:49:42,1415.3,1,375.00,375.2749,+0.2749,375.0000,-0.2749,8.86,0.50,25.0,900.0,0.0,HI,70.0,RAMPING
2026-09-05 07:49:43,1416.7,1,375.00,375.2777,+0.2777,375.0000,-0.2777,8.81,0.50,25.0,900.0,0.0,HI,70.0,RAMPING
2026-09-05 07:49:45,1418.1,1,375.00,375.2805,+0.2805,375.0000,-0.2805,8.76,0.50,25.0,900.0,0.0,HI,70.0,RAMPING
2026-09-05 07:49:46,1419.5,1,375.00,375.2831,+0.2831,375.0000,-0.2831,8.65,0.50,25.0,900.0,0.0,HI,70.0,RAMPING
2026-09-05 07:49:47,1420.9,1,375.00,375.2856,+0.2856,375.0000,-0.2856,8.58,0.50,25.0,900.0,0.0,HI,70.0,RAMPING
2026-09-05 07:49:49,1422.3,1,375.00,375.2884,+0.2884,375.0000,-0.2884,8.57,0.50,25.0,900.0,0.0,HI,70.0,RAMPING
2026-09-05 07:49:50,1423.7,1,375.00,375.2899,+0.2899,375.0000,-0.2899,8.58,0.50,25.0,900.0,0.0,HI,70.0,RAMPING
2026-09-05 07:49:52,1425.1,1,375.00,375.2907,+0.2907,375.0000,-0.2907,8.60,0.50,25.0,900.0,0.0,HI,70.0,RAMPING
2026-09-05 07:49:53,1426.5,1,375.00,375.2916,+0.2916,375.0000,-0.2916,8.51,0.50,25.0,900.0,0.0,HI,70.0,RAMPING
2026-09-05 07:49:54,1427.9,1,375.00,375.2926,+0.2926,375.0000,-0.2926,8.47,0.50,25.0,900.0,0.0,HI,70.0,RAMPING
2026-09-05 07:49:56,1429.3,1,375.00,375.2938,+0.2938,375.0000,-0.2938,8.47,0.50,25.0,900.0,0.0,HI,70.0,RAMPING
2026-09-05 07:49:57,1430.7,1,375.00,375.2939,+0.2939,375.0000,-0.2939,8.62,0.50,25.0,900.0,0.0,HI,70.0,RAMPING
2026-09-05 07:49:59,1432.1,1,375.00,375.2948,+0.2948,375.0000,-0.2948,8.33,0.50,25.0,900.0,0.0,HI,70.0,RAMPING
2026-09-05 07:50:00,1433.5,1,375.00,375.2964,+0.2964,375.0000,-0.2964,8.34,0.50,25.0,900.0,0.0,HI,70.0,RAMPING
2026-09-05 07:50:01,1434.9,1,375.00,375.2971,+0.2971,375.0000,-0.2971,8.36,0.50,25.0,900.0,0.0,HI,70.0,RAMPING
2026-09-05 07:50:03,1436.4,1,375.00,375.2973,+0.2973,375.0000,-0.2973,8.46,0.50,25.0,900.0,0.0,HI,70.0,RAMPING
2026-09-05 07:50:04,1437.8,1,375.00,375.2970,+0.2970,375.0000,-0.2970,8.44,0.50,25.0,900.0,0.0,HI,70.0,RAMPING
2026-09-05 07:50:06,1439.2,1,375.00,375.2980,+0.2980,375.0000,-0.2980,8.29,0.50,25.0,900.0,0.0,HI,70.0,RAMPING
2026-09-05 07:50:07,1440.6,1,375.00,375.2984,+0.2984,375.0000,-0.2984,8.27,0.50,25.0,900.0,0.0,HI,70.0,RAMPING
2026-09-05 07:50:08,1442.0,1,375.00,375.2990,+0.2990,375.0000,-0.2990,8.29,0.50,25.0,900.0,0.0,HI,70.0,RAMPING
2026-09-05 07:50:10,1443.4,1,375.00,375.2994,+0.2994,375.0000,-0.2994,8.29,0.50,25.0,900.0,0.0,HI,70.0,RAMPING
2026-09-05 07:50:11,1444.8,1,375.00,375.2997,+0.2997,375.0000,-0.2997,8.29,0.50,25.0,900.0,0.0,HI,70.0,RAMPING
2026-09-05 07:50:13,1446.2,1,375.00,375.3004,+0.3004,375.0000,-0.3004,8.23,0.50,25.0,900.0,0.0,HI,70.0,RAMPING
2026-09-05 07:50:14,1447.6,1,375.00,375.3006,+0.3006,375.0000,-0.3006,8.18,0.50,25.0,900.0,0.0,HI,70.0,RAMPING
2026-09-05 07:50:16,1449.0,1,375.00,375.3011,+0.3011,375.0000,-0.3011,8.24,0.50,25.0,900.0,0.0,HI,70.0,RAMPING
2026-09-05 07:50:17,1450.4,1,375.00,375.3008,+0.3008,375.0000,-0.3008,8.18,0.50,25.0,900.0,0.0,HI,70.0,RAMPING
2026-09-05 07:50:18,1451.8,1,375.00,375.3014,+0.3014,375.0000,-0.3014,8.22,0.50,25.0,900.0,0.0,HI,70.0,RAMPING
2026-09-05 07:50:20,1453.2,1,375.00,375.3010,+0.3010,375.0000,-0.3010,8.19,0.50,25.0,900.0,0.0,HI,70.0,RAMPING
2026-09-05 07:50:21,1454.6,1,375.00,375.3004,+0.3004,375.0000,-0.3004,8.26,0.50,25.0,900.0,0.0,HI,70.0,RAMPING
2026-09-05 07:50:23,1456.0,1,375.00,375.2996,+0.2996,375.0000,-0.2996,8.24,0.50,25.0,900.0,0.0,HI,70.0,RAMPING
2026-09-05 07:50:24,1457.4,1,375.00,375.2989,+0.2989,375.0000,-0.2989,8.24,0.50,25.0,900.0,0.0,HI,70.0,RAMPING
2026-09-05 07:50:25,1458.8,1,375.00,375.2988,+0.2988,375.0000,-0.2988,8.21,0.50,25.0,900.0,0.0,HI,70.0,RAMPING
2026-09-05 07:50:27,1460.2,1,375.00,375.2986,+0.2986,375.0000,-0.2986,8.16,0.50,25.0,900.0,0.0,HI,70.0,RAMPING
2026-09-05 07:50:28,1461.6,1,375.00,375.2983,+0.2983,375.0000,-0.2983,8.23,0.50,25.0,900.0,0.0,HI,70.0,RAMPING
2026-09-05 07:50:30,1463.0,1,375.00,375.2983,+0.2983,375.0000,-0.2983,8.13,0.50,25.0,900.0,0.0,HI,70.0,RAMPING
2026-09-05 07:50:31,1464.4,1,375.00,375.2987,+0.2987,375.0000,-0.2987,8.15,0.50,25.0,900.0,0.0,HI,70.0,RAMPING
2026-09-05 07:50:32,1465.8,1,375.00,375.2990,+0.2990,375.0000,-0.2990,8.12,0.50,25.0,900.0,0.0,HI,70.0,RAMPING
2026-09-05 07:50:34,1467.2,1,375.00,375.2992,+0.2992,375.0000,-0.2992,8.06,0.50,25.0,900.0,0.0,HI,70.0,RAMPING
2026-09-05 07:50:35,1468.6,1,375.00,375.3001,+0.3001,375.0000,-0.3001,8.09,0.50,25.0,900.0,0.0,HI,70.0,RAMPING
2026-09-05 07:50:37,1470.0,1,375.00,375.2998,+0.2998,375.0000,-0.2998,8.15,0.50,25.0,900.0,0.0,HI,70.0,RAMPING
2026-09-05 07:50:38,1471.4,1,375.00,375.2996,+0.2996,375.0000,-0.2996,8.13,0.50,25.0,900.0,0.0,HI,70.0,RAMPING
2026-09-05 07:50:39,1472.8,1,375.00,375.2993,+0.2993,375.0000,-0.2993,8.17,0.50,25.0,900.0,0.0,HI,70.0,RAMPING
2026-09-05 07:50:41,1474.2,1,375.00,375.2984,+0.2984,375.0000,-0.2984,8.19,0.50,25.0,900.0,0.0,HI,70.0,RAMPING
2026-09-05 07:50:42,1475.7,1,375.00,375.2976,+0.2976,375.0000,-0.2976,8.19,0.50,25.0,900.0,0.0,HI,70.0,RAMPING
2026-09-05 07:50:44,1477.1,1,375.00,375.2963,+0.2963,375.0000,-0.2963,8.23,0.50,25.0,900.0,0.0,HI,70.0,RAMPING
2026-09-05 07:50:45,1478.5,1,375.00,375.2959,+0.2959,375.0000,-0.2959,8.18,0.50,25.0,900.0,0.0,HI,70.0,RAMPING
2026-09-05 07:50:46,1479.9,1,375.00,375.2956,+0.2956,375.0000,-0.2956,8.16,0.50,25.0,900.0,0.0,HI,70.0,RAMPING
2026-09-05 07:50:48,1481.3,1,375.00,375.2956,+0.2956,375.0000,-0.2956,8.14,0.50,25.0,900.0,0.0,HI,70.0,RAMPING
2026-09-05 07:50:49,1482.7,1,375.00,375.2961,+0.2961,375.0000,-0.2961,8.08,0.50,25.0,900.0,0.0,HI,70.0,RAMPING
2026-09-05 07:50:51,1484.1,1,375.00,375.2961,+0.2961,375.0000,-0.2961,8.12,0.50,25.0,900.0,0.0,HI,70.0,RAMPING
2026-09-05 07:50:52,1485.5,1,375.00,375.2961,+0.2961,375.0000,-0.2961,8.11,0.50,25.0,900.0,0.0,HI,70.0,RAMPING
2026-09-05 07:50:53,1486.9,1,375.00,375.2961,+0.2961,375.0000,-0.2961,8.12,0.50,25.0,900.0,0.0,HI,70.0,RAMPING
2026-09-05 07:50:55,1488.3,1,375.00,375.2958,+0.2958,375.0000,-0.2958,8.12,0.50,25.0,900.0,0.0,HI,70.0,RAMPING
2026-09-05 07:50:56,1489.7,1,375.00,375.2950,+0.2950,375.0000,-0.2950,8.09,0.50,25.0,900.0,0.0,HI,70.0,RAMPING
2026-09-05 07:50:58,1491.1,1,375.00,375.2947,+0.2947,375.0000,-0.2947,8.12,0.50,25.0,900.0,0.0,HI,70.0,RAMPING
2026-09-05 07:50:59,1492.5,1,375.00,375.2943,+0.2943,375.0000,-0.2943,8.08,0.50,25.0,900.0,0.0,HI,70.0,RAMPING
2026-09-05 07:51:00,1493.9,1,375.00,375.2941,+0.2941,375.0000,-0.2941,8.16,0.50,25.0,900.0,0.0,HI,70.0,RAMPING
2026-09-05 07:51:02,1495.3,1,375.00,375.2938,+0.2938,375.0000,-0.2938,8.13,0.50,25.0,900.0,0.0,HI,70.0,RAMPING
2026-09-05 07:51:03,1496.7,1,375.00,375.2930,+0.2930,375.0000,-0.2930,8.15,0.50,25.0,900.0,0.0,HI,70.0,RAMPING
2026-09-05 07:51:05,1498.1,1,375.00,375.2920,+0.2920,375.0000,-0.2920,8.26,0.50,25.0,900.0,0.0,HI,70.0,RAMPING
2026-09-05 07:51:06,1499.5,1,375.00,375.2900,+0.2900,375.0000,-0.2900,8.27,0.50,25.0,900.0,0.0,HI,70.0,RAMPING
2026-09-05 07:51:07,1500.9,1,375.00,375.2879,+0.2879,375.0000,-0.2879,8.38,0.50,25.0,900.0,0.0,HI,70.0,RAMPING
2026-09-05 07:51:09,1502.3,1,375.00,375.2855,+0.2855,375.0000,-0.2855,8.38,0.50,25.0,900.0,0.0,HI,70.0,RAMPING
2026-09-05 07:51:10,1503.7,1,375.00,375.2841,+0.2841,375.0000,-0.2841,8.33,0.50,25.0,900.0,0.0,HI,70.0,RAMPING
2026-09-05 07:51:12,1505.1,1,375.00,375.2838,+0.2838,375.0000,-0.2838,8.33,0.50,25.0,900.0,0.0,HI,70.0,RAMPING
2026-09-05 07:51:13,1506.5,1,375.00,375.2829,+0.2829,375.0000,-0.2829,8.36,0.50,25.0,900.0,0.0,HI,70.0,RAMPING
2026-09-05 07:51:14,1507.9,1,375.00,375.2823,+0.2823,375.0000,-0.2823,8.24,0.50,25.0,900.0,0.0,HI,70.0,RAMPING
2026-09-05 07:51:16,1509.3,1,375.00,375.2829,+0.2829,375.0000,-0.2829,8.25,0.50,25.0,900.0,0.0,HI,70.0,RAMPING
2026-09-05 07:51:17,1510.7,1,375.00,375.2821,+0.2821,375.0000,-0.2821,8.33,0.50,25.0,900.0,0.0,HI,70.0,RAMPING
2026-09-05 07:51:19,1512.1,1,375.00,375.2821,+0.2821,375.0000,-0.2821,8.32,0.50,25.0,900.0,0.0,HI,70.0,RAMPING
2026-09-05 07:51:20,1513.5,1,375.00,375.2809,+0.2809,375.0000,-0.2809,8.33,0.50,25.0,900.0,0.0,HI,70.0,RAMPING
2026-09-05 07:51:21,1515.0,1,375.00,375.2803,+0.2803,375.0000,-0.2803,8.37,0.50,25.0,900.0,0.0,HI,70.0,RAMPING
2026-09-05 07:51:23,1516.4,1,375.00,375.2796,+0.2796,375.0000,-0.2796,8.29,0.50,25.0,900.0,0.0,HI,70.0,RAMPING
2026-09-05 07:51:24,1517.8,1,375.00,375.2796,+0.2796,375.0000,-0.2796,8.29,0.50,25.0,900.0,0.0,HI,70.0,RAMPING
2026-09-05 07:51:26,1519.2,1,375.00,375.2793,+0.2793,375.0000,-0.2793,8.27,0.50,25.0,900.0,0.0,HI,70.0,RAMPING
2026-09-05 07:51:27,1520.6,1,375.00,375.2804,+0.2804,375.0000,-0.2804,8.24,0.50,25.0,900.0,0.0,HI,70.0,RAMPING
2026-09-05 07:51:28,1522.0,1,375.00,375.2805,+0.2805,375.0000,-0.2805,8.27,0.50,25.0,900.0,0.0,HI,70.0,RAMPING
2026-09-05 07:51:30,1523.4,1,375.00,375.2801,+0.2801,375.0000,-0.2801,8.27,0.50,25.0,900.0,0.0,HI,70.0,RAMPING
2026-09-05 07:51:31,1524.8,1,375.00,375.2801,+0.2801,375.0000,-0.2801,8.27,0.50,25.0,900.0,0.0,HI,70.0,RAMPING
2026-09-05 07:51:33,1526.2,1,375.00,375.2812,+0.2812,375.0000,-0.2812,8.05,0.50,25.0,900.0,0.0,HI,70.0,RAMPING
2026-09-05 07:51:34,1527.6,1,375.00,375.2829,+0.2829,375.0000,-0.2829,8.03,0.50,25.0,900.0,0.0,HI,70.0,RAMPING
2026-09-05 07:51:36,1529.0,1,375.00,375.2841,+0.2841,375.0000,-0.2841,8.07,0.50,25.0,900.0,0.0,HI,70.0,RAMPING
2026-09-05 07:51:37,1530.4,1,375.00,375.2847,+0.2847,375.0000,-0.2847,8.05,0.50,25.0,900.0,0.0,HI,70.0,RAMPING
2026-09-05 07:51:38,1531.8,1,375.00,375.2852,+0.2852,375.0000,-0.2852,7.95,0.50,25.0,900.0,0.0,HI,70.0,RAMPING
2026-09-05 07:51:40,1533.2,1,375.00,375.2862,+0.2862,375.0000,-0.2862,7.99,0.50,25.0,900.0,0.0,HI,70.0,RAMPING
2026-09-05 07:51:41,1534.6,1,375.00,375.2864,+0.2864,375.0000,-0.2864,7.98,0.50,25.0,900.0,0.0,HI,70.0,RAMPING
2026-09-05 07:51:43,1536.0,1,375.00,375.2864,+0.2864,375.0000,-0.2864,7.97,0.50,25.0,900.0,0.0,HI,70.0,RAMPING
2026-09-05 07:51:44,1537.4,1,375.00,375.2865,+0.2865,375.0000,-0.2865,7.92,0.50,25.0,900.0,0.0,HI,70.0,RAMPING
2026-09-05 07:51:45,1538.8,1,375.00,375.2865,+0.2865,375.0000,-0.2865,7.99,0.50,25.0,900.0,0.0,HI,70.0,RAMPING
2026-09-05 07:51:47,1540.2,1,375.00,375.2864,+0.2864,375.0000,-0.2864,7.94,0.50,25.0,900.0,0.0,HI,70.0,RAMPING
2026-09-05 07:51:48,1541.6,1,375.00,375.2864,+0.2864,375.0000,-0.2864,7.97,0.50,25.0,900.0,0.0,HI,70.0,RAMPING
2026-09-05 07:51:50,1543.0,1,375.00,375.2864,+0.2864,375.0000,-0.2864,7.95,0.50,25.0,900.0,0.0,HI,70.0,RAMPING
2026-09-05 07:51:51,1544.4,1,375.00,375.2864,+0.2864,375.0000,-0.2864,7.96,0.50,25.0,900.0,0.0,HI,70.0,RAMPING
2026-09-05 07:51:52,1545.8,1,375.00,375.2865,+0.2865,375.0000,-0.2865,7.89,0.50,25.0,900.0,0.0,HI,70.0,RAMPING
2026-09-05 07:51:54,1547.2,1,375.00,375.2865,+0.2865,375.0000,-0.2865,7.92,0.50,25.0,900.0,0.0,HI,70.0,RAMPING
2026-09-05 07:51:55,1548.6,1,375.00,375.2864,+0.2864,375.0000,-0.2864,7.95,0.50,25.0,900.0,0.0,HI,70.0,RAMPING
2026-09-05 07:51:57,1550.0,1,375.00,375.2862,+0.2862,375.0000,-0.2862,7.90,0.50,25.0,900.0,0.0,HI,70.0,RAMPING
2026-09-05 07:51:58,1551.4,1,375.00,375.2864,+0.2864,375.0000,-0.2864,7.91,0.50,25.0,900.0,0.0,HI,70.0,RAMPING
2026-09-05 07:51:59,1552.9,1,375.00,375.2863,+0.2863,375.0000,-0.2863,7.90,0.50,25.0,900.0,0.0,HI,70.0,RAMPING
2026-09-05 07:52:01,1554.3,1,375.00,375.2858,+0.2858,375.0000,-0.2858,7.93,0.50,25.0,900.0,0.0,HI,70.0,RAMPING
2026-09-05 07:52:02,1555.7,1,375.00,375.2859,+0.2859,375.0000,-0.2859,7.91,0.50,25.0,900.0,0.0,HI,70.0,RAMPING
2026-09-05 07:52:04,1557.1,1,375.00,375.2856,+0.2856,375.0000,-0.2856,7.87,0.50,25.0,900.0,0.0,HI,70.0,RAMPING
2026-09-05 07:52:05,1558.5,1,375.00,375.2854,+0.2854,375.0000,-0.2854,7.92,0.50,25.0,900.0,0.0,HI,70.0,RAMPING
2026-09-05 07:52:06,1559.9,1,375.00,375.2850,+0.2850,375.0000,-0.2850,7.94,0.50,25.0,900.0,0.0,HI,70.0,RAMPING
2026-09-05 07:52:08,1561.3,1,375.00,375.2840,+0.2840,375.0000,-0.2840,7.94,0.50,25.0,900.0,0.0,HI,70.0,RAMPING
2026-09-05 07:52:09,1562.7,1,375.00,375.2832,+0.2832,375.0000,-0.2832,7.95,0.50,25.0,900.0,0.0,HI,70.0,RAMPING
2026-09-05 07:52:11,1564.1,1,375.00,375.2825,+0.2825,375.0000,-0.2825,7.97,0.50,25.0,900.0,0.0,HI,70.0,RAMPING
2026-09-05 07:52:12,1565.5,1,375.00,375.2823,+0.2823,375.0000,-0.2823,7.94,0.50,25.0,900.0,0.0,HI,70.0,RAMPING
2026-09-05 07:52:13,1566.9,1,375.00,375.2823,+0.2823,375.0000,-0.2823,7.93,0.50,25.0,900.0,0.0,HI,70.0,RAMPING
2026-09-05 07:52:15,1568.3,1,375.00,375.2823,+0.2823,375.0000,-0.2823,7.90,0.50,25.0,900.0,0.0,HI,70.0,RAMPING
2026-09-05 07:52:16,1569.7,1,375.00,375.2814,+0.2814,375.0000,-0.2814,7.94,0.50,25.0,900.0,0.0,HI,70.0,RAMPING
2026-09-05 07:52:18,1571.1,1,375.00,375.2810,+0.2810,375.0000,-0.2810,7.94,0.50,25.0,900.0,0.0,HI,70.0,RAMPING
2026-09-05 07:52:19,1572.5,1,375.00,375.2802,+0.2802,375.0000,-0.2802,7.94,0.50,25.0,900.0,0.0,HI,70.0,RAMPING
2026-09-05 07:52:20,1573.9,1,375.00,375.2802,+0.2802,375.0000,-0.2802,7.93,0.50,25.0,900.0,0.0,HI,70.0,RAMPING
2026-09-05 07:52:22,1575.3,1,375.00,375.2805,+0.2805,375.0000,-0.2805,7.84,0.50,25.0,900.0,0.0,HI,70.0,RAMPING
2026-09-05 07:52:23,1576.7,1,375.00,375.2806,+0.2806,375.0000,-0.2806,7.85,0.50,25.0,900.0,0.0,HI,70.0,RAMPING
2026-09-05 07:52:25,1578.1,1,375.00,375.2811,+0.2811,375.0000,-0.2811,7.79,0.50,25.0,900.0,0.0,HI,70.0,RAMPING
2026-09-05 07:52:26,1579.5,1,375.00,375.2813,+0.2813,375.0000,-0.2813,7.84,0.50,25.0,900.0,0.0,HI,70.0,RAMPING
2026-09-05 07:52:27,1580.9,1,375.00,375.2816,+0.2816,375.0000,-0.2816,7.80,0.50,25.0,900.0,0.0,HI,70.0,RAMPING
2026-09-05 07:52:29,1582.3,1,375.00,375.2821,+0.2821,375.0000,-0.2821,7.79,0.50,25.0,900.0,0.0,HI,70.0,RAMPING
2026-09-05 07:52:30,1583.7,1,375.00,375.2818,+0.2818,375.0000,-0.2818,7.85,0.50,25.0,900.0,0.0,HI,70.0,RAMPING
2026-09-05 07:52:32,1585.1,1,375.00,375.2807,+0.2807,375.0000,-0.2807,7.85,0.50,25.0,900.0,0.0,HI,70.0,RAMPING
2026-09-05 07:52:33,1586.6,1,375.00,375.2803,+0.2803,375.0000,-0.2803,7.89,0.50,25.0,900.0,0.0,HI,70.0,RAMPING
2026-09-05 07:52:34,1588.0,1,375.00,375.2800,+0.2800,375.0000,-0.2800,7.86,0.50,25.0,900.0,0.0,HI,70.0,RAMPING
2026-09-05 07:52:36,1589.4,1,375.00,375.2803,+0.2803,375.0000,-0.2803,7.70,0.50,25.0,900.0,0.0,HI,70.0,RAMPING
